Book Name,Author,Rating,Number of Reviews,Price,Description,Listening Time,Genre,Year
Book 0: The Journey,Stephen King,3.5,3754,10.15,A wonderful tale about courage,11 hours 53 minutes,Mystery,2008
Book 1: The Journey,Isaac Asimov,4.1,524,26.5,A wonderful saga about courage,18 hours 54 minutes,Science,2015
Book 2: The Tale,Jane Austen,4.4,918,37.86,A wonderful saga about adventure,25 hours 43 minutes,Adventure,2024
Book 3: The Mystery,Margaret Atwood,4.5,4104,22.2,A wonderful tale about adventure,6 hours 55 minutes,Sci-Fi,2007
Book 4: The Mystery,Michelle Obama,3.1,4898,38.04,A wonderful story about mystery,10 hours 8 minutes,Comedy,2002
Book 5: The Mystery,F. Scott Fitzgerald,4.2,4401,36.34,A wonderful saga about love,12 hours 47 minutes,Fantasy,2009
Book 6: The Journey,Margaret Atwood,4.0,144,24.31,A wonderful story about adventure,17 hours 49 minutes,Biography,2019
Book 7: The Journey,Margaret Atwood,4.8,4231,15.97,A wonderful saga about courage,13 hours 17 minutes,Biography,2017
Book 8: The Adventure,Jane Austen,3.6,4720,38.91,A wonderful tale about courage,16 hours 38 minutes,Self-Help,2013
Book 9: The Journey,Isaac Asimov,4.6,1991,19.63,A wonderful story about adventure,23 hours 5 minutes,Business,2008
Book 10: The Journey,Ernest Hemingway,4.2,1186,29.37,A wonderful story about love,9 hours 28 minutes,Biography,2006
Book 11: The Journey,Isaac Asimov,3.7,2396,37.23,A wonderful story about mystery,9 hours 58 minutes,Biography,2000
Book 12: The Mystery,Agatha Christie,4.3,3526,12.67,A wonderful tale about love,16 hours 47 minutes,Thriller,2022
Book 13: The Mystery,Mark Twain,4.2,22,27.21,A wonderful tale about courage,18 hours 48 minutes,Fiction,2023
Book 14: The Journey,J.K. Rowling,4.4,2900,26.04,A wonderful saga about mystery,19 hours 55 minutes,Biography,2000
Book 15: The Mystery,Leo Tolstoy,4.4,1980,31.68,A wonderful tale about adventure,14 hours 52 minutes,Business,2018
Book 16: The Adventure,Stephen King,4.3,4684,38.09,A wonderful tale about adventure,4 hours 32 minutes,Mystery,2016
Book 17: The Mystery,George R.R. Martin,4.7,3422,37.39,A wonderful tale about courage,8 hours 4 minutes,History,2003
Book 18: The Adventure,Bill Bryson,4.3,1544,15.24,A wonderful story about adventure,12 hours 45 minutes,Fiction,2016
Book 19: The Tale,Agatha Christie,4.8,711,36.46,A wonderful saga about mystery,19 hours 25 minutes,Business,2000
Book 20: The Journey,Stephen King,4.3,4298,15.26,A wonderful tale about love,7 hours 49 minutes,Psychology,2012
Book 21: The Mystery,J.K. Rowling,3.6,2964,37.58,A wonderful tale about courage,19 hours 56 minutes,Science,2020
Book 22: The Adventure,Bill Bryson,3.9,564,39.91,A wonderful story about courage,21 hours 1 minutes,Mystery,2006
Book 23: The Tale,Michelle Obama,4.2,4319,21.9,A wonderful tale about courage,8 hours 12 minutes,Horror,2022
Book 24: The Tale,J.K. Rowling,4.5,4467,24.85,A wonderful story about courage,9 hours 53 minutes,Psychology,2010
Book 25: The Mystery,John Grisham,3.2,4166,38.09,A wonderful saga about courage,4 hours 15 minutes,Science,2013
Book 26: The Mystery,Malcolm Gladwell,3.6,4168,38.85,A wonderful tale about adventure,4 hours 29 minutes,Fiction,2011
Book 27: The Tale,Bill Bryson,4.5,4549,37.77,A wonderful tale about adventure,4 hours 58 minutes,Psychology,2003
Book 28: The Journey,Malcolm Gladwell,3.4,176,36.29,A wonderful saga about adventure,14 hours 45 minutes,Adventure,2004
Book 29: The Journey,Mark Twain,3.3,3208,10.27,A wonderful story about love,9 hours 17 minutes,Mystery,2013
Book 30: The Adventure,Dan Brown,4.1,3861,27.03,A wonderful saga about adventure,14 hours 52 minutes,Thriller,2020
Book 31: The Journey,James Patterson,4.9,366,13.21,A wonderful saga about mystery,17 hours 32 minutes,Comedy,2018
Book 32: The Tale,Michelle Obama,4.1,3179,39.48,A wonderful saga about mystery,15 hours 40 minutes,History,2008
Book 33: The Tale,F. Scott Fitzgerald,4.8,3068,18.53,A wonderful saga about mystery,6 hours 43 minutes,Mystery,2008
Book 34: The Tale,Isaac Asimov,4.7,2087,39.66,A wonderful saga about mystery,3 hours 15 minutes,Fantasy,2017
Book 35: The Journey,George R.R. Martin,3.5,143,26.29,A wonderful tale about courage,14 hours 31 minutes,Horror,2013
Book 36: The Adventure,Yuval Noah Harari,4.6,2935,24.81,A wonderful tale about mystery,22 hours 28 minutes,Business,2018
Book 37: The Journey,John Grisham,4.0,563,38.15,A wonderful tale about mystery,8 hours 55 minutes,Fantasy,2011
Book 38: The Adventure,John Grisham,4.6,2834,35.52,A wonderful story about courage,18 hours 37 minutes,Science,2019
Book 39: The Journey,Dan Brown,4.5,1985,24.03,A wonderful tale about adventure,20 hours 22 minutes,Mystery,2008
Book 40: The Tale,Yuval Noah Harari,3.7,859,15.77,A wonderful saga about mystery,14 hours 10 minutes,Fantasy,2021
Book 41: The Tale,Arthur Conan Doyle,3.2,4776,13.37,A wonderful tale about courage,11 hours 47 minutes,Horror,2012
Book 42: The Mystery,Dan Brown,4.9,2733,14.86,A wonderful tale about adventure,25 hours 5 minutes,Comedy,2024
Book 43: The Journey,James Patterson,3.3,1102,23.76,A wonderful saga about mystery,12 hours 1 minutes,Self-Help,2006
Book 44: The Journey,J.K. Rowling,4.9,373,17.71,A wonderful story about love,15 hours 3 minutes,Biography,2013
Book 45: The Mystery,Arthur Conan Doyle,4.7,2896,15.58,A wonderful saga about adventure,8 hours 54 minutes,Biography,2017
Book 46: The Tale,James Patterson,4.4,4482,32.09,A wonderful saga about adventure,21 hours 49 minutes,Adventure,2017
Book 47: The Journey,Jane Austen,5.0,2783,33.71,A wonderful saga about mystery,9 hours 54 minutes,Business,2015
Book 48: The Mystery,Jane Austen,4.9,1444,27.02,A wonderful tale about love,10 hours 41 minutes,Fiction,2005
Book 49: The Journey,Michelle Obama,4.6,3816,32.71,A wonderful story about courage,10 hours 43 minutes,Self-Help,2011
Book 50: The Adventure,Agatha Christie,3.7,3930,15.25,A wonderful story about love,9 hours 17 minutes,Romance,2017
Book 51: The Tale,James Patterson,4.6,1503,35.67,A wonderful saga about courage,23 hours 26 minutes,History,2017
Book 52: The Adventure,Bill Bryson,3.0,1114,36.9,A wonderful saga about love,19 hours 1 minutes,Sci-Fi,2015
Book 53: The Tale,Dan Brown,4.1,526,34.8,A wonderful saga about courage,24 hours 0 minutes,Romance,2008
Book 54: The Mystery,Arthur Conan Doyle,3.9,3759,25.45,A wonderful saga about courage,18 hours 58 minutes,Psychology,2009
Book 55: The Tale,John Grisham,4.3,312,12.59,A wonderful saga about adventure,7 hours 41 minutes,Biography,2018
Book 56: The Tale,Dan Brown,4.3,2413,30.07,A wonderful tale about love,8 hours 38 minutes,Horror,2011
Book 57: The Mystery,James Patterson,4.2,1661,15.53,A wonderful tale about mystery,3 hours 14 minutes,Horror,2024
Book 58: The Tale,Stephen King,4.6,368,14.21,A wonderful saga about love,11 hours 38 minutes,Adventure,2022
Book 59: The Journey,George R.R. Martin,4.9,1644,19.7,A wonderful saga about adventure,12 hours 45 minutes,History,2012
Book 60: The Mystery,Leo Tolstoy,3.2,353,17.43,A wonderful saga about mystery,25 hours 41 minutes,Fantasy,2023
Book 61: The Mystery,Ernest Hemingway,3.5,2595,17.81,A wonderful tale about adventure,11 hours 27 minutes,Business,2004
Book 62: The Mystery,George R.R. Martin,3.1,2550,17.06,A wonderful story about love,15 hours 54 minutes,Romance,2021
Book 63: The Adventure,Agatha Christie,4.8,4232,32.6,A wonderful story about mystery,14 hours 29 minutes,Fantasy,2003
Book 64: The Adventure,Charles Dickens,4.1,3272,38.61,A wonderful tale about mystery,11 hours 13 minutes,Business,2023
Book 65: The Tale,Margaret Atwood,4.8,4458,19.05,A wonderful saga about courage,17 hours 19 minutes,Comedy,2007
Book 66: The Mystery,J.K. Rowling,3.4,3888,31.68,A wonderful tale about mystery,24 hours 33 minutes,Comedy,2014
Book 67: The Tale,Ernest Hemingway,3.1,2085,10.33,A wonderful saga about courage,22 hours 25 minutes,Horror,2022
Book 68: The Journey,Mark Twain,4.6,309,29.6,A wonderful tale about mystery,21 hours 6 minutes,Adventure,2005
Book 69: The Mystery,Dan Brown,4.8,1575,30.77,A wonderful tale about mystery,3 hours 32 minutes,Psychology,2003
Book 70: The Journey,Ernest Hemingway,3.6,2353,11.85,A wonderful saga about mystery,24 hours 53 minutes,Business,2006
Book 71: The Tale,George R.R. Martin,3.8,2934,13.54,A wonderful tale about love,14 hours 35 minutes,Thriller,2016
Book 72: The Adventure,F. Scott Fitzgerald,3.3,401,19.19,A wonderful story about mystery,23 hours 38 minutes,Fiction,2012
Book 73: The Tale,Malcolm Gladwell,4.9,2729,22.15,A wonderful tale about courage,22 hours 18 minutes,History,2010
Book 74: The Journey,Ernest Hemingway,3.6,2248,25.07,A wonderful saga about adventure,12 hours 43 minutes,Adventure,2017
Book 75: The Mystery,Yuval Noah Harari,4.0,1029,36.84,A wonderful tale about adventure,6 hours 30 minutes,History,2019
Book 76: The Tale,Charles Dickens,3.2,3024,31.1,A wonderful tale about mystery,5 hours 21 minutes,Romance,2022
Book 77: The Mystery,Isaac Asimov,4.8,3589,19.32,A wonderful story about courage,11 hours 40 minutes,Mystery,2021
Book 78: The Adventure,John Grisham,3.3,3286,13.51,A wonderful saga about courage,13 hours 55 minutes,Fiction,2022
Book 79: The Adventure,Leo Tolstoy,3.9,3612,37.47,A wonderful tale about courage,11 hours 16 minutes,Fiction,2001
Book 80: The Adventure,Mark Twain,4.3,3177,18.84,A wonderful tale about courage,23 hours 45 minutes,Science,2005
Book 81: The Mystery,F. Scott Fitzgerald,4.5,2787,28.43,A wonderful tale about mystery,23 hours 19 minutes,Science,2012
Book 82: The Tale,Ernest Hemingway,4.9,1540,16.56,A wonderful story about adventure,9 hours 9 minutes,Biography,2020
Book 83: The Mystery,James Patterson,3.8,4074,14.0,A wonderful story about love,19 hours 48 minutes,History,2000
Book 84: The Mystery,Isaac Asimov,4.5,4085,14.59,A wonderful story about love,10 hours 57 minutes,History,2002
Book 85: The Tale,Margaret Atwood,3.3,3019,32.42,A wonderful story about love,4 hours 51 minutes,Mystery,2004
Book 86: The Adventure,Bill Bryson,3.8,4263,28.16,A wonderful story about courage,22 hours 25 minutes,Fantasy,2015
Book 87: The Adventure,Agatha Christie,3.2,2194,22.47,A wonderful saga about courage,24 hours 20 minutes,Sci-Fi,2019
Book 88: The Tale,Isaac Asimov,4.0,686,26.47,A wonderful saga about adventure,24 hours 8 minutes,Psychology,2013
Book 89: The Mystery,F. Scott Fitzgerald,3.8,3487,24.11,A wonderful saga about adventure,3 hours 41 minutes,Psychology,2002
Book 90: The Mystery,Bill Bryson,4.9,656,26.12,A wonderful tale about love,18 hours 18 minutes,Comedy,2002
Book 91: The Adventure,F. Scott Fitzgerald,3.1,3537,29.91,A wonderful saga about adventure,11 hours 58 minutes,Psychology,2008
Book 92: The Journey,James Patterson,3.7,4945,16.54,A wonderful saga about courage,16 hours 25 minutes,Thriller,2007
Book 93: The Journey,John Grisham,3.9,1488,17.41,A wonderful saga about mystery,15 hours 47 minutes,Sci-Fi,2011
Book 94: The Journey,Jane Austen,4.9,4478,32.63,A wonderful tale about adventure,4 hours 37 minutes,Biography,2002
Book 95: The Mystery,Margaret Atwood,4.7,2416,36.18,A wonderful saga about mystery,25 hours 36 minutes,Comedy,2019
Book 96: The Mystery,J.K. Rowling,3.2,2641,12.45,A wonderful tale about adventure,9 hours 21 minutes,Business,2001
Book 97: The Adventure,Mark Twain,4.4,850,23.39,A wonderful tale about love,25 hours 14 minutes,Adventure,2023
Book 98: The Journey,Margaret Atwood,4.1,665,31.1,A wonderful tale about adventure,24 hours 34 minutes,History,2012
Book 99: The Adventure,Yuval Noah Harari,5.0,2696,12.33,A wonderful tale about adventure,23 hours 50 minutes,Romance,2012
Book 100: The Adventure,Mark Twain,3.7,2431,26.92,A wonderful story about mystery,18 hours 58 minutes,Romance,2019
Book 101: The Adventure,Michelle Obama,3.8,2520,11.84,A wonderful saga about love,24 hours 22 minutes,Romance,2020
Book 102: The Tale,George R.R. Martin,3.4,3662,26.42,A wonderful saga about courage,19 hours 19 minutes,Sci-Fi,2016
Book 103: The Journey,Isaac Asimov,3.2,4946,25.15,A wonderful story about mystery,8 hours 53 minutes,Science,2009
Book 104: The Journey,Margaret Atwood,4.7,3500,27.17,A wonderful story about mystery,24 hours 56 minutes,Adventure,2022
Book 105: The Tale,Isaac Asimov,3.9,1375,14.49,A wonderful story about love,20 hours 11 minutes,Fantasy,2019
Book 106: The Tale,John Grisham,4.3,3646,19.83,A wonderful saga about love,12 hours 6 minutes,Sci-Fi,2001
Book 107: The Journey,Isaac Asimov,4.3,2889,25.6,A wonderful saga about mystery,18 hours 8 minutes,Mystery,2024
Book 108: The Tale,Leo Tolstoy,4.2,3672,13.48,A wonderful tale about love,11 hours 46 minutes,Romance,2005
Book 109: The Adventure,J.K. Rowling,3.0,356,16.15,A wonderful tale about love,20 hours 48 minutes,Business,2020
Book 110: The Mystery,Charles Dickens,4.6,2898,27.48,A wonderful saga about adventure,8 hours 43 minutes,Horror,2015
Book 111: The Adventure,Michelle Obama,3.5,3573,12.72,A wonderful story about courage,13 hours 41 minutes,Science,2014
Book 112: The Journey,Agatha Christie,3.3,2259,25.3,A wonderful story about love,5 hours 14 minutes,Adventure,2000
Book 113: The Tale,Bill Bryson,4.1,479,34.25,A wonderful saga about mystery,14 hours 14 minutes,Fiction,2006
Book 114: The Mystery,Ernest Hemingway,3.1,624,23.59,A wonderful saga about mystery,12 hours 26 minutes,Adventure,2021
Book 115: The Journey,Mark Twain,4.5,3337,25.39,A wonderful story about mystery,13 hours 23 minutes,Horror,2016
Book 116: The Tale,Leo Tolstoy,3.4,2986,23.69,A wonderful saga about love,11 hours 37 minutes,Comedy,2009
Book 117: The Mystery,Bill Bryson,3.4,4213,11.72,A wonderful story about courage,12 hours 29 minutes,History,2006
Book 118: The Mystery,Mark Twain,4.7,1320,23.86,A wonderful tale about mystery,6 hours 30 minutes,Self-Help,2001
Book 119: The Tale,Mark Twain,3.7,265,34.2,A wonderful saga about love,4 hours 55 minutes,Business,2019
Book 120: The Mystery,F. Scott Fitzgerald,3.3,1179,31.69,A wonderful saga about courage,23 hours 37 minutes,History,2016
Book 121: The Journey,J.K. Rowling,4.8,4987,21.87,A wonderful tale about courage,21 hours 39 minutes,Mystery,2016
Book 122: The Tale,Agatha Christie,3.0,3599,34.48,A wonderful story about adventure,5 hours 30 minutes,Fantasy,2022
Book 123: The Adventure,Arthur Conan Doyle,4.7,295,32.36,A wonderful tale about love,9 hours 32 minutes,Business,2007
Book 124: The Journey,Bill Bryson,3.3,1044,27.34,A wonderful saga about love,6 hours 55 minutes,Mystery,2019
Book 125: The Journey,Jane Austen,3.3,560,11.35,A wonderful tale about courage,24 hours 24 minutes,Fantasy,2005
Book 126: The Tale,Bill Bryson,3.5,1943,20.33,A wonderful tale about adventure,19 hours 19 minutes,Mystery,2021
Book 127: The Tale,Arthur Conan Doyle,3.3,3010,11.9,A wonderful saga about adventure,16 hours 3 minutes,Sci-Fi,2001
Book 128: The Mystery,James Patterson,4.3,2976,39.81,A wonderful saga about courage,7 hours 8 minutes,Psychology,2011
Book 129: The Journey,George R.R. Martin,3.1,3146,38.03,A wonderful saga about love,9 hours 21 minutes,Science,2007
Book 130: The Mystery,Mark Twain,3.0,4656,12.06,A wonderful story about courage,16 hours 36 minutes,Self-Help,2020
Book 131: The Journey,Leo Tolstoy,4.6,275,38.0,A wonderful story about courage,17 hours 9 minutes,Thriller,2000
Book 132: The Journey,Charles Dickens,3.5,4966,10.94,A wonderful story about courage,13 hours 55 minutes,Thriller,2005
Book 133: The Adventure,George R.R. Martin,3.6,1266,22.26,A wonderful tale about love,25 hours 11 minutes,Romance,2002
Book 134: The Journey,Ernest Hemingway,3.3,3695,33.06,A wonderful tale about love,5 hours 31 minutes,Business,2008
Book 135: The Mystery,Leo Tolstoy,3.1,3048,32.96,A wonderful saga about mystery,13 hours 40 minutes,Business,2024
Book 136: The Mystery,Margaret Atwood,4.5,3057,39.34,A wonderful saga about courage,8 hours 20 minutes,Sci-Fi,2012
Book 137: The Adventure,George R.R. Martin,4.1,3646,29.37,A wonderful tale about adventure,23 hours 3 minutes,Mystery,2011
Book 138: The Mystery,F. Scott Fitzgerald,4.5,639,22.6,A wonderful story about adventure,3 hours 28 minutes,Fantasy,2021
Book 139: The Tale,Isaac Asimov,4.0,4711,39.78,A wonderful saga about courage,11 hours 13 minutes,Science,2012
Book 140: The Adventure,Arthur Conan Doyle,4.6,1137,21.46,A wonderful story about adventure,8 hours 36 minutes,Mystery,2012
Book 141: The Mystery,Isaac Asimov,4.0,4347,36.08,A wonderful story about courage,8 hours 31 minutes,Comedy,2018
Book 142: The Mystery,Bill Bryson,3.2,3016,37.19,A wonderful tale about adventure,5 hours 8 minutes,Sci-Fi,2006
Book 143: The Tale,Dan Brown,4.0,3270,21.26,A wonderful tale about mystery,22 hours 27 minutes,Thriller,2016
Book 144: The Adventure,Michelle Obama,4.9,2585,30.47,A wonderful saga about mystery,23 hours 27 minutes,Self-Help,2000
Book 145: The Tale,Margaret Atwood,3.1,2293,29.84,A wonderful saga about love,15 hours 27 minutes,Self-Help,2023
Book 146: The Adventure,Dan Brown,4.6,2054,26.17,A wonderful story about love,18 hours 24 minutes,Thriller,2022
Book 147: The Adventure,Leo Tolstoy,4.7,939,29.6,A wonderful story about love,3 hours 2 minutes,Science,2002
Book 148: The Journey,Yuval Noah Harari,4.0,222,20.42,A wonderful tale about adventure,20 hours 12 minutes,Business,2002
Book 149: The Mystery,Michelle Obama,3.9,1534,15.34,A wonderful tale about mystery,14 hours 0 minutes,Fantasy,2017
Book 150: The Mystery,Michelle Obama,4.9,4098,26.11,A wonderful story about courage,13 hours 48 minutes,Psychology,2009
Book 151: The Journey,Mark Twain,3.1,4251,25.86,A wonderful saga about love,19 hours 12 minutes,Science,2023
Book 152: The Tale,Isaac Asimov,4.0,3180,31.83,A wonderful saga about mystery,3 hours 43 minutes,Romance,2017
Book 153: The Journey,James Patterson,3.8,4611,16.67,A wonderful tale about adventure,3 hours 40 minutes,Science,2018
Book 154: The Mystery,Charles Dickens,4.4,974,10.09,A wonderful saga about adventure,10 hours 14 minutes,Science,2011
Book 155: The Mystery,John Grisham,4.0,2154,10.67,A wonderful story about mystery,25 hours 56 minutes,Thriller,2011
Book 156: The Journey,Arthur Conan Doyle,4.8,2142,18.94,A wonderful tale about adventure,14 hours 19 minutes,Horror,2008
Book 157: The Journey,Dan Brown,3.1,3665,30.19,A wonderful story about mystery,7 hours 6 minutes,Thriller,2007
Book 158: The Journey,Michelle Obama,3.2,1767,26.32,A wonderful saga about courage,15 hours 32 minutes,Biography,2019
Book 159: The Mystery,Arthur Conan Doyle,4.2,2349,25.95,A wonderful story about adventure,21 hours 19 minutes,Romance,2006
Book 160: The Journey,Bill Bryson,3.1,4033,34.69,A wonderful saga about love,8 hours 4 minutes,Fiction,2014
Book 161: The Journey,George R.R. Martin,3.6,1649,17.42,A wonderful story about courage,4 hours 19 minutes,Thriller,2012
Book 162: The Tale,Yuval Noah Harari,4.3,1014,20.37,A wonderful saga about mystery,12 hours 29 minutes,Sci-Fi,2018
Book 163: The Journey,Arthur Conan Doyle,4.1,1121,18.26,A wonderful tale about adventure,19 hours 38 minutes,Horror,2000
Book 164: The Mystery,J.K. Rowling,3.7,616,38.11,A wonderful story about courage,19 hours 21 minutes,Sci-Fi,2008
Book 165: The Tale,Leo Tolstoy,5.0,3713,31.74,A wonderful story about adventure,16 hours 56 minutes,Psychology,2005
Book 166: The Adventure,Malcolm Gladwell,4.1,1424,13.38,A wonderful story about love,24 hours 8 minutes,Psychology,2013
Book 167: The Mystery,Isaac Asimov,3.9,3656,34.27,A wonderful tale about love,13 hours 57 minutes,Business,2016
Book 168: The Mystery,Stephen King,4.2,729,22.57,A wonderful story about courage,18 hours 22 minutes,Biography,2003
Book 169: The Adventure,Stephen King,3.2,2628,32.97,A wonderful story about mystery,9 hours 10 minutes,Fantasy,2017
Book 170: The Mystery,Leo Tolstoy,4.4,2856,36.5,A wonderful story about adventure,15 hours 1 minutes,Adventure,2002
Book 171: The Adventure,Arthur Conan Doyle,4.7,541,10.46,A wonderful saga about mystery,10 hours 14 minutes,Thriller,2016
Book 172: The Adventure,Malcolm Gladwell,4.3,4515,16.17,A wonderful tale about love,7 hours 13 minutes,Romance,2009
Book 173: The Mystery,Mark Twain,4.5,4451,13.02,A wonderful saga about mystery,3 hours 37 minutes,Business,2010
Book 174: The Journey,Dan Brown,4.4,2388,11.0,A wonderful saga about mystery,19 hours 10 minutes,Psychology,2003
Book 175: The Journey,J.K. Rowling,3.4,2467,27.92,A wonderful tale about courage,6 hours 23 minutes,Thriller,2016
Book 176: The Adventure,James Patterson,3.9,1300,31.09,A wonderful story about adventure,25 hours 41 minutes,Comedy,2008
Book 177: The Tale,Arthur Conan Doyle,3.5,1436,11.45,A wonderful story about mystery,4 hours 24 minutes,Self-Help,2017
Book 178: The Adventure,Mark Twain,3.7,2971,32.21,A wonderful story about courage,23 hours 16 minutes,Self-Help,2018
Book 179: The Adventure,Mark Twain,3.9,4177,22.06,A wonderful tale about courage,20 hours 39 minutes,Self-Help,2008
Book 180: The Adventure,F. Scott Fitzgerald,3.8,1846,17.02,A wonderful tale about mystery,4 hours 38 minutes,Thriller,2022
Book 181: The Journey,Margaret Atwood,3.2,1004,16.51,A wonderful story about love,4 hours 42 minutes,Horror,2014
Book 182: The Journey,Yuval Noah Harari,3.9,1656,35.9,A wonderful saga about adventure,6 hours 41 minutes,Fantasy,2012
Book 183: The Journey,Stephen King,4.3,1147,11.68,A wonderful story about love,3 hours 3 minutes,Self-Help,2018
Book 184: The Adventure,Isaac Asimov,3.7,1949,25.11,A wonderful saga about adventure,25 hours 7 minutes,History,2015
Book 185: The Tale,Mark Twain,3.3,4057,18.67,A wonderful saga about love,16 hours 28 minutes,Mystery,2024
Book 186: The Journey,Dan Brown,4.8,225,34.46,A wonderful story about mystery,15 hours 7 minutes,Romance,2007
Book 187: The Mystery,Agatha Christie,3.1,2966,31.94,A wonderful saga about courage,20 hours 16 minutes,Business,2024
Book 188: The Mystery,Jane Austen,4.7,4548,19.56,A wonderful tale about adventure,18 hours 44 minutes,Science,2010
Book 189: The Mystery,Mark Twain,3.2,4698,27.93,A wonderful story about courage,7 hours 13 minutes,Mystery,2024
Book 190: The Adventure,Agatha Christie,3.2,3032,30.17,A wonderful tale about adventure,25 hours 43 minutes,Adventure,2014
Book 191: The Mystery,James Patterson,4.5,3838,19.61,A wonderful story about courage,23 hours 0 minutes,Fantasy,2021
Book 192: The Adventure,Stephen King,4.6,4529,19.04,A wonderful saga about adventure,12 hours 26 minutes,Adventure,2014
Book 193: The Mystery,Malcolm Gladwell,4.1,1073,14.29,A wonderful saga about adventure,24 hours 6 minutes,Adventure,2018
Book 194: The Tale,Malcolm Gladwell,4.2,716,29.8,A wonderful tale about love,24 hours 33 minutes,Romance,2000
Book 195: The Adventure,James Patterson,4.1,548,16.62,A wonderful story about courage,11 hours 39 minutes,Comedy,2015
Book 196: The Mystery,Arthur Conan Doyle,3.7,2543,19.01,A wonderful saga about courage,22 hours 44 minutes,History,2003
Book 197: The Journey,Agatha Christie,3.2,3271,11.82,A wonderful tale about mystery,7 hours 26 minutes,Sci-Fi,2008
Book 198: The Adventure,Bill Bryson,3.7,3931,38.45,A wonderful tale about adventure,6 hours 32 minutes,Fantasy,2002
Book 199: The Journey,Dan Brown,4.3,4316,36.38,A wonderful story about adventure,22 hours 7 minutes,Psychology,2012
Book 200: The Journey,Leo Tolstoy,4.5,3375,37.34,A wonderful story about love,12 hours 7 minutes,Comedy,2020
Book 201: The Journey,Ernest Hemingway,4.7,3364,28.77,A wonderful story about adventure,6 hours 31 minutes,Business,2007
Book 202: The Journey,John Grisham,4.4,4719,22.81,A wonderful story about courage,9 hours 38 minutes,Mystery,2021
Book 203: The Mystery,John Grisham,4.9,614,24.86,A wonderful saga about love,9 hours 49 minutes,Psychology,2022
Book 204: The Mystery,John Grisham,4.2,1036,39.16,A wonderful saga about courage,11 hours 53 minutes,Mystery,2007
Book 205: The Adventure,Bill Bryson,3.7,2607,38.24,A wonderful tale about courage,19 hours 12 minutes,Comedy,2010
Book 206: The Adventure,Charles Dickens,4.2,617,30.13,A wonderful story about mystery,14 hours 45 minutes,Fiction,2013
Book 207: The Adventure,Jane Austen,3.4,3696,33.56,A wonderful tale about adventure,16 hours 18 minutes,Adventure,2011
Book 208: The Mystery,F. Scott Fitzgerald,4.3,3826,19.55,A wonderful tale about adventure,8 hours 2 minutes,History,2016
Book 209: The Adventure,F. Scott Fitzgerald,3.4,4248,22.48,A wonderful saga about mystery,20 hours 31 minutes,Business,2017
Book 210: The Journey,Arthur Conan Doyle,3.2,2832,14.47,A wonderful story about love,9 hours 44 minutes,Fiction,2000
Book 211: The Mystery,James Patterson,4.7,1061,21.28,A wonderful tale about adventure,18 hours 21 minutes,Adventure,2022
Book 212: The Adventure,Ernest Hemingway,3.7,4526,32.62,A wonderful tale about courage,10 hours 0 minutes,Science,2008
Book 213: The Journey,Arthur Conan Doyle,4.5,4825,24.2,A wonderful saga about mystery,3 hours 42 minutes,Science,2007
Book 214: The Adventure,James Patterson,4.1,1500,35.47,A wonderful story about mystery,5 hours 58 minutes,Biography,2009
Book 215: The Tale,John Grisham,4.6,1067,19.01,A wonderful story about courage,6 hours 53 minutes,Horror,2002
Book 216: The Adventure,Stephen King,4.7,3554,31.22,A wonderful story about courage,21 hours 42 minutes,Science,2012
Book 217: The Tale,John Grisham,4.9,4129,34.16,A wonderful saga about adventure,18 hours 9 minutes,Sci-Fi,2021
Book 218: The Adventure,Dan Brown,4.6,463,37.43,A wonderful tale about mystery,5 hours 49 minutes,Comedy,2023
Book 219: The Adventure,Michelle Obama,4.2,1027,26.86,A wonderful story about adventure,19 hours 4 minutes,Fiction,2010
Book 220: The Mystery,Michelle Obama,4.3,4254,39.02,A wonderful saga about mystery,6 hours 57 minutes,History,2002
Book 221: The Mystery,Isaac Asimov,3.1,1263,26.71,A wonderful saga about adventure,11 hours 41 minutes,Fantasy,2017
Book 222: The Tale,Agatha Christie,4.9,2501,14.01,A wonderful story about courage,10 hours 29 minutes,History,2005
Book 223: The Mystery,Yuval Noah Harari,4.7,1358,17.28,A wonderful tale about love,12 hours 16 minutes,Comedy,2015
Book 224: The Journey,Bill Bryson,3.5,1336,16.09,A wonderful story about love,17 hours 3 minutes,History,2010
Book 225: The Journey,Yuval Noah Harari,3.4,2653,29.39,A wonderful story about love,6 hours 52 minutes,Self-Help,2011
Book 226: The Tale,Leo Tolstoy,4.4,1857,37.66,A wonderful saga about adventure,8 hours 55 minutes,Business,2006
Book 227: The Journey,Agatha Christie,3.6,2844,35.4,A wonderful story about love,4 hours 54 minutes,Horror,2018
Book 228: The Journey,Yuval Noah Harari,3.7,4260,12.76,A wonderful tale about love,12 hours 23 minutes,Romance,2008
Book 229: The Adventure,J.K. Rowling,3.0,2336,31.73,A wonderful saga about adventure,24 hours 20 minutes,Thriller,2005
Book 230: The Mystery,Ernest Hemingway,4.7,656,15.7,A wonderful tale about adventure,16 hours 47 minutes,Biography,2023
Book 231: The Journey,F. Scott Fitzgerald,4.1,2062,18.04,A wonderful tale about courage,6 hours 6 minutes,Sci-Fi,2021
Book 232: The Journey,John Grisham,3.8,1618,30.2,A wonderful saga about love,4 hours 0 minutes,Comedy,2006
Book 233: The Mystery,Mark Twain,3.3,4522,28.08,A wonderful story about courage,7 hours 42 minutes,Horror,2015
Book 234: The Journey,Arthur Conan Doyle,4.3,2258,36.2,A wonderful saga about mystery,23 hours 10 minutes,Science,2023
Book 235: The Journey,Stephen King,3.1,1035,15.63,A wonderful tale about mystery,13 hours 22 minutes,Psychology,2006
Book 236: The Mystery,Bill Bryson,4.5,2490,32.84,A wonderful tale about adventure,17 hours 39 minutes,Adventure,2007
Book 237: The Adventure,Arthur Conan Doyle,3.4,4380,31.72,A wonderful saga about adventure,11 hours 56 minutes,Fantasy,2023
Book 238: The Journey,Arthur Conan Doyle,3.8,775,26.76,A wonderful story about adventure,5 hours 23 minutes,Romance,2007
Book 239: The Mystery,F. Scott Fitzgerald,3.7,4127,24.37,A wonderful story about adventure,13 hours 11 minutes,Self-Help,2008
Book 240: The Journey,Agatha Christie,3.7,1391,36.07,A wonderful story about adventure,6 hours 25 minutes,History,2006
Book 241: The Journey,Bill Bryson,4.4,4858,19.98,A wonderful tale about love,15 hours 29 minutes,History,2007
Book 242: The Adventure,Isaac Asimov,4.6,4766,38.7,A wonderful tale about mystery,11 hours 53 minutes,Mystery,2006
Book 243: The Tale,James Patterson,4.1,1273,10.45,A wonderful story about adventure,15 hours 44 minutes,Biography,2007
Book 244: The Tale,Michelle Obama,3.2,1412,38.1,A wonderful saga about courage,18 hours 51 minutes,Thriller,2019
Book 245: The Mystery,Ernest Hemingway,3.1,4967,38.85,A wonderful story about love,16 hours 41 minutes,History,2011
Book 246: The Tale,Dan Brown,3.3,2775,13.51,A wonderful story about courage,8 hours 7 minutes,Fiction,2004
Book 247: The Mystery,Leo Tolstoy,4.2,4627,39.98,A wonderful saga about love,7 hours 44 minutes,Business,2024
Book 248: The Tale,Bill Bryson,4.3,347,24.36,A wonderful tale about adventure,4 hours 54 minutes,Sci-Fi,2003
Book 249: The Adventure,Malcolm Gladwell,3.5,242,17.27,A wonderful saga about love,8 hours 6 minutes,Adventure,2003
Book 250: The Mystery,Isaac Asimov,4.3,675,28.12,A wonderful story about adventure,16 hours 58 minutes,Horror,2002
Book 251: The Tale,Malcolm Gladwell,4.0,382,16.13,A wonderful story about mystery,21 hours 30 minutes,Science,2021
Book 252: The Adventure,Agatha Christie,3.9,4734,37.44,A wonderful saga about adventure,21 hours 43 minutes,Business,2021
Book 253: The Tale,Stephen King,3.5,2178,26.55,A wonderful tale about adventure,17 hours 11 minutes,Romance,2015
Book 254: The Journey,Yuval Noah Harari,4.5,1736,33.26,A wonderful tale about love,22 hours 24 minutes,Horror,2019
Book 255: The Journey,Arthur Conan Doyle,3.2,4696,21.41,A wonderful tale about love,14 hours 39 minutes,History,2000
Book 256: The Adventure,John Grisham,3.9,3422,26.0,A wonderful story about courage,3 hours 55 minutes,Romance,2024
Book 257: The Journey,James Patterson,3.6,258,20.77,A wonderful story about love,24 hours 56 minutes,Self-Help,2017
Book 258: The Journey,Arthur Conan Doyle,4.4,4089,17.84,A wonderful story about love,7 hours 30 minutes,Romance,2001
Book 259: The Mystery,F. Scott Fitzgerald,4.0,4479,25.37,A wonderful saga about love,18 hours 7 minutes,Romance,2015
Book 260: The Tale,Dan Brown,4.3,2382,24.91,A wonderful saga about mystery,16 hours 28 minutes,Science,2011
Book 261: The Mystery,F. Scott Fitzgerald,3.1,2484,12.95,A wonderful tale about love,4 hours 4 minutes,Science,2019
Book 262: The Tale,Arthur Conan Doyle,3.8,3966,39.43,A wonderful saga about courage,11 hours 41 minutes,Business,2010
Book 263: The Journey,Jane Austen,4.2,2016,24.07,A wonderful story about mystery,13 hours 0 minutes,Adventure,2015
Book 264: The Mystery,Isaac Asimov,3.0,3336,35.18,A wonderful story about adventure,25 hours 55 minutes,Romance,2018
Book 265: The Tale,Charles Dickens,3.6,2446,37.42,A wonderful tale about adventure,24 hours 33 minutes,Psychology,2008
Book 266: The Tale,Leo Tolstoy,3.4,3725,21.11,A wonderful story about love,21 hours 46 minutes,Psychology,2015
Book 267: The Mystery,Mark Twain,3.3,607,22.41,A wonderful saga about adventure,21 hours 14 minutes,Self-Help,2005
Book 268: The Adventure,F. Scott Fitzgerald,3.5,500,26.87,A wonderful tale about adventure,24 hours 55 minutes,Thriller,2024
Book 269: The Tale,Agatha Christie,3.7,1304,16.63,A wonderful saga about courage,13 hours 33 minutes,Fiction,2016
Book 270: The Journey,John Grisham,3.0,3611,14.37,A wonderful saga about love,19 hours 44 minutes,Sci-Fi,2008
Book 271: The Tale,Stephen King,4.5,3414,17.81,A wonderful story about mystery,25 hours 39 minutes,Horror,2012
Book 272: The Journey,Ernest Hemingway,3.4,3976,38.03,A wonderful saga about mystery,6 hours 27 minutes,Self-Help,2007
Book 273: The Mystery,Margaret Atwood,3.8,3814,27.36,A wonderful tale about courage,24 hours 46 minutes,Sci-Fi,2024
Book 274: The Tale,John Grisham,4.4,1681,22.52,A wonderful story about mystery,10 hours 30 minutes,Mystery,2018
Book 275: The Journey,Isaac Asimov,4.0,2796,14.56,A wonderful saga about love,14 hours 42 minutes,Fantasy,2004
Book 276: The Journey,J.K. Rowling,4.7,4979,19.89,A wonderful story about adventure,24 hours 41 minutes,Thriller,2001
Book 277: The Mystery,Agatha Christie,4.6,1186,21.39,A wonderful story about courage,15 hours 9 minutes,Sci-Fi,2016
Book 278: The Tale,Bill Bryson,3.1,2570,34.99,A wonderful saga about love,20 hours 57 minutes,Fiction,2013
Book 279: The Tale,James Patterson,4.7,2625,24.97,A wonderful tale about adventure,22 hours 3 minutes,Business,2015
Book 280: The Mystery,James Patterson,3.1,2839,29.63,A wonderful saga about adventure,3 hours 41 minutes,Sci-Fi,2017
Book 281: The Tale,J.K. Rowling,3.0,3276,30.54,A wonderful saga about mystery,8 hours 32 minutes,History,2001
Book 282: The Mystery,Isaac Asimov,4.8,1081,17.71,A wonderful saga about courage,18 hours 54 minutes,Comedy,2016
Book 283: The Tale,James Patterson,4.7,3045,34.64,A wonderful story about adventure,18 hours 55 minutes,Horror,2011
Book 284: The Adventure,Stephen King,4.2,4228,38.99,A wonderful tale about mystery,8 hours 4 minutes,Thriller,2012
Book 285: The Tale,Yuval Noah Harari,4.1,4611,29.24,A wonderful story about love,18 hours 20 minutes,Biography,2021
Book 286: The Journey,Mark Twain,4.4,879,24.71,A wonderful tale about love,10 hours 21 minutes,Self-Help,2024
Book 287: The Journey,Charles Dickens,3.8,2624,15.04,A wonderful tale about love,11 hours 3 minutes,Comedy,2005
Book 288: The Adventure,F. Scott Fitzgerald,3.2,1990,33.84,A wonderful tale about courage,19 hours 14 minutes,Self-Help,2014
Book 289: The Tale,Isaac Asimov,3.0,3831,15.07,A wonderful tale about mystery,20 hours 41 minutes,Comedy,2003
Book 290: The Journey,Yuval Noah Harari,3.6,1013,31.6,A wonderful story about mystery,15 hours 25 minutes,Fiction,2022
Book 291: The Journey,James Patterson,4.6,2201,24.64,A wonderful story about adventure,10 hours 5 minutes,Fiction,2016
Book 292: The Tale,Ernest Hemingway,4.2,3693,37.5,A wonderful story about adventure,17 hours 28 minutes,Business,2014
Book 293: The Mystery,Mark Twain,4.7,2040,26.25,A wonderful story about courage,21 hours 28 minutes,Thriller,2010
Book 294: The Tale,Agatha Christie,4.8,1164,29.24,A wonderful tale about love,5 hours 54 minutes,Mystery,2022
Book 295: The Mystery,Mark Twain,3.2,803,11.75,A wonderful tale about adventure,18 hours 28 minutes,Psychology,2000
Book 296: The Adventure,George R.R. Martin,4.7,424,11.0,A wonderful saga about love,13 hours 7 minutes,History,2000
Book 297: The Adventure,Ernest Hemingway,3.5,2387,35.39,A wonderful story about courage,18 hours 47 minutes,Business,2021
Book 298: The Journey,Margaret Atwood,4.2,3156,38.35,A wonderful tale about courage,23 hours 1 minutes,Adventure,2006
Book 299: The Journey,Margaret Atwood,4.0,3435,30.04,A wonderful tale about adventure,6 hours 25 minutes,Fantasy,2012
Book 300: The Journey,Dan Brown,3.8,2043,32.92,A wonderful story about mystery,16 hours 2 minutes,Adventure,2018
Book 301: The Mystery,Yuval Noah Harari,3.6,1318,22.36,A wonderful saga about love,20 hours 35 minutes,Psychology,2003
Book 302: The Journey,Margaret Atwood,3.7,2692,35.27,A wonderful saga about adventure,3 hours 52 minutes,Fantasy,2010
Book 303: The Tale,Ernest Hemingway,3.7,4742,16.93,A wonderful story about love,5 hours 50 minutes,Science,2011
Book 304: The Mystery,Mark Twain,3.3,2571,31.21,A wonderful story about adventure,22 hours 39 minutes,History,2019
Book 305: The Adventure,Arthur Conan Doyle,4.0,1565,10.26,A wonderful saga about mystery,23 hours 19 minutes,Science,2008
Book 306: The Mystery,Jane Austen,3.2,1315,25.16,A wonderful tale about courage,19 hours 35 minutes,Romance,2005
Book 307: The Journey,Leo Tolstoy,4.0,4091,21.19,A wonderful saga about adventure,9 hours 41 minutes,Biography,2017
Book 308: The Tale,Stephen King,4.8,4226,28.53,A wonderful saga about love,24 hours 29 minutes,Business,2008
Book 309: The Tale,F. Scott Fitzgerald,3.7,3834,29.99,A wonderful tale about mystery,13 hours 23 minutes,Biography,2007
Book 310: The Journey,Agatha Christie,4.5,4095,28.49,A wonderful story about courage,4 hours 52 minutes,Thriller,2008
Book 311: The Tale,Margaret Atwood,4.6,2537,24.49,A wonderful tale about mystery,10 hours 54 minutes,Science,2015
Book 312: The Mystery,Isaac Asimov,4.6,4084,24.63,A wonderful story about courage,17 hours 21 minutes,Business,2019
Book 313: The Mystery,Margaret Atwood,3.5,199,10.19,A wonderful story about mystery,20 hours 49 minutes,Comedy,2010
Book 314: The Journey,Dan Brown,3.3,747,26.54,A wonderful story about adventure,22 hours 38 minutes,Adventure,2011
Book 315: The Tale,Jane Austen,3.4,3231,10.35,A wonderful story about mystery,18 hours 45 minutes,Mystery,2005
Book 316: The Adventure,Charles Dickens,4.2,4150,25.87,A wonderful story about mystery,24 hours 23 minutes,History,2015
Book 317: The Mystery,J.K. Rowling,4.5,3755,18.23,A wonderful tale about love,25 hours 28 minutes,Fantasy,2013
Book 318: The Mystery,Leo Tolstoy,4.3,1982,39.31,A wonderful saga about adventure,6 hours 6 minutes,Biography,2006
Book 319: The Mystery,F. Scott Fitzgerald,3.4,1772,10.5,A wonderful saga about love,24 hours 14 minutes,Comedy,2013
Book 320: The Mystery,Ernest Hemingway,4.5,4788,34.38,A wonderful story about adventure,3 hours 21 minutes,Sci-Fi,2022
Book 321: The Adventure,Stephen King,4.0,2900,30.21,A wonderful story about mystery,14 hours 53 minutes,History,2024
Book 322: The Journey,Michelle Obama,4.5,408,34.18,A wonderful saga about courage,23 hours 51 minutes,Biography,2011
Book 323: The Mystery,Charles Dickens,4.5,424,37.28,A wonderful story about adventure,12 hours 35 minutes,Thriller,2011
Book 324: The Tale,George R.R. Martin,3.9,2314,13.2,A wonderful tale about adventure,19 hours 23 minutes,Adventure,2012
Book 325: The Adventure,John Grisham,4.8,4064,12.88,A wonderful story about courage,25 hours 6 minutes,Adventure,2008
Book 326: The Mystery,Mark Twain,4.1,4904,14.46,A wonderful story about mystery,4 hours 57 minutes,Thriller,2014
Book 327: The Tale,F. Scott Fitzgerald,4.3,3865,15.75,A wonderful saga about courage,8 hours 31 minutes,Self-Help,2005
Book 328: The Mystery,Stephen King,4.2,2350,25.78,A wonderful saga about courage,7 hours 52 minutes,Horror,2018
Book 329: The Journey,Michelle Obama,4.7,4406,34.45,A wonderful tale about adventure,25 hours 47 minutes,Self-Help,2004
Book 330: The Adventure,Isaac Asimov,4.3,76,18.01,A wonderful tale about courage,16 hours 6 minutes,Comedy,2018
Book 331: The Journey,Leo Tolstoy,3.3,890,21.9,A wonderful story about love,11 hours 39 minutes,Science,2021
Book 332: The Adventure,Malcolm Gladwell,3.1,3540,21.18,A wonderful story about mystery,9 hours 12 minutes,Fiction,2007
Book 333: The Mystery,Arthur Conan Doyle,3.9,1107,22.17,A wonderful tale about love,6 hours 59 minutes,History,2003
Book 334: The Mystery,F. Scott Fitzgerald,3.6,2176,26.94,A wonderful tale about mystery,15 hours 13 minutes,Comedy,2023
Book 335: The Adventure,Mark Twain,3.5,3006,39.7,A wonderful story about mystery,17 hours 52 minutes,Romance,2008
Book 336: The Tale,Dan Brown,3.1,3313,16.77,A wonderful saga about love,9 hours 45 minutes,Self-Help,2007
Book 337: The Tale,J.K. Rowling,4.0,3007,30.51,A wonderful tale about courage,13 hours 6 minutes,Romance,2017
Book 338: The Mystery,John Grisham,3.6,380,35.43,A wonderful saga about courage,16 hours 2 minutes,Sci-Fi,2013
Book 339: The Mystery,Bill Bryson,3.9,3291,29.6,A wonderful story about adventure,23 hours 53 minutes,Mystery,2012
Book 340: The Journey,Yuval Noah Harari,3.1,429,35.74,A wonderful tale about courage,24 hours 37 minutes,History,2006
Book 341: The Mystery,Arthur Conan Doyle,4.7,4681,32.78,A wonderful story about courage,6 hours 49 minutes,Business,2004
Book 342: The Adventure,Leo Tolstoy,3.2,4612,12.8,A wonderful story about mystery,17 hours 29 minutes,Fantasy,2023
Book 343: The Tale,J.K. Rowling,4.7,1604,21.37,A wonderful saga about adventure,24 hours 37 minutes,Sci-Fi,2004
Book 344: The Tale,Leo Tolstoy,4.7,2979,26.57,A wonderful tale about love,19 hours 8 minutes,Romance,2015
Book 345: The Journey,Ernest Hemingway,4.2,4542,11.67,A wonderful tale about courage,18 hours 0 minutes,Romance,2000
Book 346: The Tale,Agatha Christie,4.0,2374,10.27,A wonderful tale about love,19 hours 47 minutes,Romance,2005
Book 347: The Tale,Bill Bryson,3.9,612,15.13,A wonderful tale about love,4 hours 35 minutes,Thriller,2013
Book 348: The Adventure,Dan Brown,4.1,3174,24.99,A wonderful story about adventure,16 hours 53 minutes,Science,2015
Book 349: The Tale,F. Scott Fitzgerald,4.6,4140,23.01,A wonderful tale about mystery,21 hours 30 minutes,Psychology,2004
Book 350: The Journey,Dan Brown,4.8,3699,33.52,A wonderful story about love,19 hours 49 minutes,Adventure,2020
Book 351: The Journey,Malcolm Gladwell,3.9,4514,26.97,A wonderful story about courage,8 hours 44 minutes,Mystery,2016
Book 352: The Tale,Mark Twain,4.6,2301,35.73,A wonderful saga about love,21 hours 11 minutes,Business,2017
Book 353: The Mystery,Arthur Conan Doyle,4.3,983,12.85,A wonderful saga about mystery,7 hours 6 minutes,Sci-Fi,2023
Book 354: The Tale,Charles Dickens,3.6,1064,25.83,A wonderful story about adventure,15 hours 42 minutes,Biography,2010
Book 355: The Journey,Isaac Asimov,4.0,802,11.27,A wonderful story about mystery,22 hours 38 minutes,Horror,2015
Book 356: The Journey,Ernest Hemingway,3.3,3236,16.33,A wonderful tale about adventure,13 hours 32 minutes,Thriller,2009
Book 357: The Adventure,Mark Twain,3.1,3067,36.03,A wonderful story about courage,15 hours 26 minutes,Psychology,2008
Book 358: The Tale,Mark Twain,3.2,2787,36.62,A wonderful tale about mystery,22 hours 58 minutes,Mystery,2017
Book 359: The Tale,Bill Bryson,4.8,4579,24.26,A wonderful story about mystery,25 hours 48 minutes,Self-Help,2018
Book 360: The Adventure,F. Scott Fitzgerald,3.7,3005,11.39,A wonderful saga about love,10 hours 17 minutes,Business,2001
Book 361: The Journey,Leo Tolstoy,4.4,1191,12.22,A wonderful saga about love,15 hours 21 minutes,Self-Help,2012
Book 362: The Adventure,Malcolm Gladwell,4.0,1640,37.76,A wonderful saga about adventure,12 hours 28 minutes,Self-Help,2003
Book 363: The Mystery,Jane Austen,3.3,4945,36.97,A wonderful saga about love,7 hours 8 minutes,Sci-Fi,2022
Book 364: The Tale,Michelle Obama,3.5,4180,26.9,A wonderful saga about mystery,16 hours 38 minutes,Science,2005
Book 365: The Journey,John Grisham,3.9,3298,10.98,A wonderful saga about mystery,25 hours 56 minutes,Romance,2001
Book 366: The Adventure,Charles Dickens,3.9,4106,37.85,A wonderful tale about love,19 hours 19 minutes,Business,2006
Book 367: The Journey,Malcolm Gladwell,4.0,339,19.42,A wonderful story about courage,25 hours 35 minutes,Adventure,2008
Book 368: The Mystery,Agatha Christie,3.3,381,38.83,A wonderful story about adventure,13 hours 45 minutes,Biography,2015
Book 369: The Tale,Isaac Asimov,3.7,328,27.6,A wonderful story about mystery,20 hours 40 minutes,Fiction,2020
Book 370: The Adventure,Ernest Hemingway,3.6,1132,32.56,A wonderful saga about mystery,9 hours 12 minutes,Sci-Fi,2003
Book 371: The Journey,Margaret Atwood,3.8,2738,31.37,A wonderful story about courage,9 hours 39 minutes,Fiction,2014
Book 372: The Tale,Charles Dickens,3.7,3890,21.94,A wonderful story about love,25 hours 18 minutes,Romance,2023
Book 373: The Tale,Isaac Asimov,4.2,4264,12.3,A wonderful saga about mystery,24 hours 22 minutes,Science,2010
Book 374: The Journey,J.K. Rowling,4.6,3753,14.86,A wonderful story about love,24 hours 8 minutes,Science,2008
Book 375: The Tale,Arthur Conan Doyle,4.3,1230,17.2,A wonderful saga about mystery,25 hours 41 minutes,Romance,2011
Book 376: The Tale,Arthur Conan Doyle,3.1,4976,35.03,A wonderful tale about adventure,8 hours 32 minutes,Romance,2011
Book 377: The Adventure,James Patterson,3.2,4233,21.66,A wonderful story about mystery,20 hours 44 minutes,Business,2017
Book 378: The Tale,James Patterson,4.4,1155,36.89,A wonderful saga about mystery,23 hours 20 minutes,History,2017
Book 379: The Adventure,Mark Twain,3.6,2696,19.94,A wonderful story about love,25 hours 7 minutes,Fiction,2008
Book 380: The Tale,Malcolm Gladwell,4.4,2619,32.66,A wonderful story about love,14 hours 35 minutes,Comedy,2011
Book 381: The Mystery,F. Scott Fitzgerald,4.3,1341,14.19,A wonderful saga about courage,18 hours 37 minutes,Science,2000
Book 382: The Mystery,Leo Tolstoy,4.8,3229,39.64,A wonderful saga about adventure,21 hours 42 minutes,Romance,2013
Book 383: The Adventure,Mark Twain,4.7,2461,31.71,A wonderful tale about love,25 hours 26 minutes,Fiction,2003
Book 384: The Adventure,George R.R. Martin,3.7,4873,25.01,A wonderful tale about mystery,24 hours 47 minutes,Romance,2011
Book 385: The Mystery,Margaret Atwood,4.2,2765,39.22,A wonderful story about courage,20 hours 18 minutes,Fantasy,2021
Book 386: The Tale,Leo Tolstoy,3.3,4165,11.6,A wonderful saga about courage,16 hours 51 minutes,Comedy,2019
Book 387: The Adventure,Leo Tolstoy,3.7,4185,23.1,A wonderful saga about love,3 hours 33 minutes,Romance,2006
Book 388: The Journey,Jane Austen,4.9,4370,35.15,A wonderful story about love,6 hours 1 minutes,History,2018
Book 389: The Tale,F. Scott Fitzgerald,4.4,4022,20.21,A wonderful story about mystery,15 hours 9 minutes,Biography,2018
Book 390: The Tale,Margaret Atwood,3.8,4621,33.06,A wonderful tale about love,4 hours 42 minutes,Science,2020
Book 391: The Mystery,Michelle Obama,4.2,2465,38.64,A wonderful saga about love,4 hours 12 minutes,Science,2020
Book 392: The Adventure,Bill Bryson,4.9,3900,21.89,A wonderful story about mystery,11 hours 48 minutes,Business,2017
Book 393: The Tale,James Patterson,3.6,146,33.2,A wonderful saga about adventure,8 hours 18 minutes,Fiction,2005
Book 394: The Adventure,Jane Austen,3.8,3027,10.88,A wonderful saga about courage,24 hours 16 minutes,Comedy,2024
Book 395: The Adventure,Bill Bryson,4.6,2723,18.19,A wonderful saga about adventure,7 hours 53 minutes,Psychology,2009
Book 396: The Adventure,Ernest Hemingway,4.6,907,39.77,A wonderful story about love,4 hours 44 minutes,Psychology,2011
Book 397: The Mystery,Stephen King,4.3,3422,24.71,A wonderful saga about mystery,12 hours 13 minutes,Business,2010
Book 398: The Adventure,Margaret Atwood,4.7,4791,20.66,A wonderful saga about adventure,20 hours 2 minutes,Adventure,2021
Book 399: The Mystery,Mark Twain,4.5,2530,38.22,A wonderful tale about mystery,14 hours 52 minutes,Fantasy,2016
Book 400: The Journey,Jane Austen,4.4,228,22.95,A wonderful tale about adventure,17 hours 6 minutes,Mystery,2015
Book 401: The Tale,Jane Austen,4.1,4899,30.38,A wonderful story about love,22 hours 55 minutes,Sci-Fi,2024
Book 402: The Tale,Malcolm Gladwell,4.3,3897,29.81,A wonderful tale about mystery,24 hours 47 minutes,Self-Help,2023
Book 403: The Journey,Mark Twain,3.8,2185,12.56,A wonderful saga about adventure,20 hours 55 minutes,Science,2014
Book 404: The Mystery,Stephen King,3.7,4748,28.55,A wonderful saga about love,10 hours 47 minutes,Self-Help,2002
Book 405: The Tale,Malcolm Gladwell,3.7,4741,33.93,A wonderful tale about adventure,23 hours 35 minutes,Adventure,2012
Book 406: The Mystery,Charles Dickens,3.4,1874,31.38,A wonderful tale about mystery,15 hours 15 minutes,Self-Help,2019
Book 407: The Mystery,James Patterson,3.4,430,12.45,A wonderful story about adventure,19 hours 50 minutes,Romance,2009
Book 408: The Mystery,Margaret Atwood,4.9,4790,14.62,A wonderful tale about love,25 hours 18 minutes,Sci-Fi,2014
Book 409: The Journey,Dan Brown,4.0,3945,31.34,A wonderful story about adventure,25 hours 42 minutes,Adventure,2020
Book 410: The Journey,F. Scott Fitzgerald,3.5,1406,29.01,A wonderful story about courage,4 hours 59 minutes,Biography,2004
Book 411: The Mystery,Dan Brown,3.3,4304,32.18,A wonderful tale about courage,15 hours 24 minutes,Science,2005
Book 412: The Adventure,Charles Dickens,3.2,3124,19.49,A wonderful story about courage,16 hours 50 minutes,Romance,2020
Book 413: The Journey,F. Scott Fitzgerald,4.7,1220,13.19,A wonderful tale about courage,24 hours 20 minutes,Horror,2010
Book 414: The Adventure,J.K. Rowling,3.2,1994,10.15,A wonderful tale about courage,20 hours 3 minutes,Science,2013
Book 415: The Adventure,Malcolm Gladwell,4.5,268,19.24,A wonderful story about courage,3 hours 47 minutes,Adventure,2020
Book 416: The Mystery,Ernest Hemingway,4.7,4700,20.79,A wonderful saga about mystery,11 hours 12 minutes,Horror,2019
Book 417: The Adventure,Malcolm Gladwell,4.8,910,18.08,A wonderful story about courage,22 hours 55 minutes,Romance,2018
Book 418: The Adventure,Agatha Christie,3.1,1572,13.97,A wonderful story about adventure,17 hours 53 minutes,Science,2012
Book 419: The Adventure,Mark Twain,3.7,165,15.61,A wonderful tale about adventure,10 hours 58 minutes,Business,2002
Book 420: The Mystery,Isaac Asimov,4.5,3622,23.46,A wonderful tale about love,23 hours 45 minutes,History,2002
Book 421: The Mystery,Margaret Atwood,3.3,2579,26.63,A wonderful story about adventure,25 hours 41 minutes,Fantasy,2005
Book 422: The Journey,John Grisham,3.8,3440,22.23,A wonderful tale about mystery,14 hours 48 minutes,Romance,2010
Book 423: The Journey,Jane Austen,3.3,1250,10.78,A wonderful tale about mystery,21 hours 34 minutes,Psychology,2007
Book 424: The Adventure,Agatha Christie,4.7,3392,20.61,A wonderful saga about adventure,22 hours 12 minutes,Business,2010
Book 425: The Mystery,Margaret Atwood,4.5,1680,12.78,A wonderful saga about adventure,9 hours 18 minutes,Thriller,2010
Book 426: The Mystery,Leo Tolstoy,4.6,3371,27.93,A wonderful tale about courage,17 hours 11 minutes,Comedy,2020
Book 427: The Adventure,Jane Austen,3.3,4120,19.72,A wonderful saga about adventure,24 hours 4 minutes,Self-Help,2009
Book 428: The Journey,Margaret Atwood,3.9,3873,21.55,A wonderful tale about mystery,8 hours 11 minutes,Science,2022
Book 429: The Mystery,Mark Twain,3.8,520,18.75,A wonderful saga about courage,19 hours 7 minutes,Science,2008
Book 430: The Journey,Leo Tolstoy,4.4,1141,21.62,A wonderful story about adventure,15 hours 2 minutes,Mystery,2019
Book 431: The Adventure,Stephen King,3.5,4259,12.53,A wonderful story about love,16 hours 17 minutes,Sci-Fi,2020
Book 432: The Mystery,John Grisham,3.9,1708,37.02,A wonderful story about mystery,20 hours 16 minutes,Biography,2012
Book 433: The Adventure,Agatha Christie,3.6,4604,37.15,A wonderful tale about love,7 hours 10 minutes,Biography,2008
Book 434: The Tale,Bill Bryson,4.5,2672,39.34,A wonderful saga about love,21 hours 54 minutes,Romance,2014
Book 435: The Adventure,Arthur Conan Doyle,3.9,3928,27.15,A wonderful tale about mystery,11 hours 0 minutes,Mystery,2024
Book 436: The Adventure,Bill Bryson,4.1,4314,15.08,A wonderful story about adventure,13 hours 29 minutes,Fiction,2011
Book 437: The Adventure,Agatha Christie,3.6,3096,21.41,A wonderful tale about courage,25 hours 59 minutes,Sci-Fi,2023
Book 438: The Mystery,Ernest Hemingway,4.6,2580,14.16,A wonderful story about adventure,7 hours 2 minutes,History,2018
Book 439: The Adventure,Dan Brown,3.9,1428,19.02,A wonderful tale about adventure,7 hours 59 minutes,Adventure,2016
Book 440: The Adventure,Dan Brown,4.7,3775,24.78,A wonderful tale about adventure,13 hours 38 minutes,Comedy,2014
Book 441: The Tale,F. Scott Fitzgerald,3.7,4377,11.89,A wonderful tale about courage,4 hours 49 minutes,History,2013
Book 442: The Mystery,Yuval Noah Harari,4.9,2814,23.03,A wonderful story about adventure,23 hours 39 minutes,Business,2005
Book 443: The Tale,Arthur Conan Doyle,5.0,4485,22.62,A wonderful story about mystery,24 hours 19 minutes,Biography,2005
Book 444: The Adventure,J.K. Rowling,3.9,2912,24.52,A wonderful story about love,18 hours 50 minutes,Adventure,2000
Book 445: The Mystery,Stephen King,3.6,2175,12.3,A wonderful story about courage,21 hours 35 minutes,Romance,2004
Book 446: The Tale,Margaret Atwood,3.8,3976,17.54,A wonderful story about love,14 hours 4 minutes,Science,2023
Book 447: The Adventure,Stephen King,4.1,1585,17.39,A wonderful tale about courage,25 hours 20 minutes,Mystery,2007
Book 448: The Journey,Arthur Conan Doyle,4.9,2029,28.74,A wonderful tale about love,19 hours 14 minutes,Romance,2021
Book 449: The Tale,George R.R. Martin,4.6,2295,27.8,A wonderful story about courage,8 hours 33 minutes,Self-Help,2008
Book 450: The Mystery,George R.R. Martin,4.6,4581,15.86,A wonderful story about love,5 hours 50 minutes,Comedy,2023
Book 451: The Tale,Ernest Hemingway,3.3,2455,13.2,A wonderful tale about love,19 hours 10 minutes,Science,2022
Book 452: The Tale,Malcolm Gladwell,3.5,1852,19.13,A wonderful story about courage,16 hours 34 minutes,Science,2023
Book 453: The Tale,Bill Bryson,4.3,2448,38.45,A wonderful story about love,20 hours 25 minutes,Fiction,2002
Book 454: The Journey,Charles Dickens,4.7,2377,19.96,A wonderful tale about courage,5 hours 22 minutes,Comedy,2006
Book 455: The Mystery,Ernest Hemingway,4.1,1708,28.6,A wonderful tale about mystery,10 hours 56 minutes,Horror,2005
Book 456: The Mystery,James Patterson,3.2,4015,34.11,A wonderful tale about adventure,9 hours 42 minutes,History,2012
Book 457: The Mystery,Yuval Noah Harari,4.7,2607,19.88,A wonderful story about adventure,13 hours 21 minutes,History,2003
Book 458: The Adventure,Yuval Noah Harari,4.7,3940,20.03,A wonderful story about love,14 hours 18 minutes,Horror,2003
Book 459: The Mystery,Yuval Noah Harari,3.6,2867,34.45,A wonderful saga about courage,9 hours 48 minutes,Mystery,2002
Book 460: The Mystery,Agatha Christie,4.5,4601,35.78,A wonderful saga about mystery,22 hours 33 minutes,Mystery,2015
Book 461: The Journey,John Grisham,3.5,2250,39.22,A wonderful saga about adventure,18 hours 35 minutes,Self-Help,2017
Book 462: The Adventure,Jane Austen,4.8,2367,14.07,A wonderful tale about courage,23 hours 0 minutes,Business,2001
Book 463: The Adventure,John Grisham,3.3,1008,19.61,A wonderful saga about courage,6 hours 42 minutes,Romance,2000
Book 464: The Tale,Bill Bryson,3.9,4707,38.41,A wonderful saga about mystery,14 hours 28 minutes,Comedy,2024
Book 465: The Adventure,Mark Twain,4.9,4459,16.02,A wonderful tale about love,10 hours 57 minutes,Science,2012
Book 466: The Adventure,James Patterson,3.4,3120,19.42,A wonderful story about courage,23 hours 39 minutes,History,2016
Book 467: The Journey,Malcolm Gladwell,3.9,3242,38.93,A wonderful saga about adventure,22 hours 15 minutes,Adventure,2024
Book 468: The Mystery,Bill Bryson,3.7,2837,39.05,A wonderful saga about mystery,4 hours 43 minutes,Fiction,2002
Book 469: The Adventure,F. Scott Fitzgerald,3.1,1209,18.73,A wonderful story about courage,13 hours 24 minutes,Comedy,2003
Book 470: The Adventure,Isaac Asimov,3.1,2389,30.84,A wonderful story about mystery,6 hours 24 minutes,Horror,2008
Book 471: The Journey,F. Scott Fitzgerald,4.0,354,24.72,A wonderful story about mystery,11 hours 34 minutes,Business,2019
Book 472: The Adventure,Isaac Asimov,3.5,2366,27.27,A wonderful story about adventure,12 hours 1 minutes,Business,2004
Book 473: The Adventure,J.K. Rowling,5.0,657,17.26,A wonderful tale about adventure,19 hours 52 minutes,Biography,2002
Book 474: The Journey,F. Scott Fitzgerald,3.7,2847,21.27,A wonderful saga about courage,14 hours 32 minutes,History,2020
Book 475: The Tale,Arthur Conan Doyle,3.1,3633,34.48,A wonderful story about mystery,19 hours 28 minutes,Biography,2012
Book 476: The Tale,Leo Tolstoy,4.9,2110,21.78,A wonderful saga about love,18 hours 2 minutes,Thriller,2009
Book 477: The Adventure,Yuval Noah Harari,4.7,3934,13.41,A wonderful tale about adventure,12 hours 57 minutes,Adventure,2007
Book 478: The Adventure,Agatha Christie,4.3,1762,26.91,A wonderful story about courage,23 hours 12 minutes,Fiction,2007
Book 479: The Mystery,F. Scott Fitzgerald,4.6,1665,27.76,A wonderful saga about courage,13 hours 32 minutes,Psychology,2023
Book 480: The Adventure,George R.R. Martin,3.3,4422,26.36,A wonderful saga about love,5 hours 6 minutes,History,2009
Book 481: The Mystery,James Patterson,3.6,2231,30.44,A wonderful tale about courage,8 hours 49 minutes,Biography,2014
Book 482: The Tale,Arthur Conan Doyle,4.7,4614,26.49,A wonderful story about courage,20 hours 34 minutes,Sci-Fi,2020
Book 483: The Adventure,Ernest Hemingway,4.4,2235,38.58,A wonderful story about courage,3 hours 40 minutes,Horror,2004
Book 484: The Adventure,Isaac Asimov,3.3,1134,23.84,A wonderful story about mystery,5 hours 13 minutes,Self-Help,2004
Book 485: The Journey,F. Scott Fitzgerald,4.4,904,31.24,A wonderful saga about adventure,24 hours 40 minutes,Horror,2016
Book 486: The Adventure,Arthur Conan Doyle,3.9,4817,23.14,A wonderful story about adventure,9 hours 55 minutes,Horror,2005
Book 487: The Tale,Michelle Obama,3.0,1970,18.73,A wonderful tale about love,24 hours 27 minutes,Biography,2000
Book 488: The Adventure,Jane Austen,3.2,1996,30.78,A wonderful tale about love,6 hours 13 minutes,Thriller,2001
Book 489: The Mystery,Mark Twain,3.5,425,34.56,A wonderful tale about courage,20 hours 53 minutes,Science,2021
Book 490: The Adventure,Dan Brown,4.7,4360,33.86,A wonderful saga about courage,25 hours 56 minutes,Horror,2011
Book 491: The Mystery,Bill Bryson,4.1,1858,22.26,A wonderful story about mystery,16 hours 41 minutes,Psychology,2010
Book 492: The Journey,Jane Austen,4.5,1917,24.97,A wonderful tale about courage,5 hours 47 minutes,Comedy,2015
Book 493: The Adventure,James Patterson,4.1,440,28.99,A wonderful story about courage,24 hours 9 minutes,Horror,2014
Book 494: The Journey,George R.R. Martin,3.2,830,17.25,A wonderful story about courage,3 hours 29 minutes,Adventure,2017
Book 495: The Journey,James Patterson,3.6,3395,29.75,A wonderful tale about mystery,25 hours 21 minutes,Psychology,2008
Book 496: The Adventure,Arthur Conan Doyle,3.6,2715,31.45,A wonderful story about courage,4 hours 5 minutes,Science,2017
Book 497: The Mystery,Arthur Conan Doyle,3.1,3879,33.66,A wonderful tale about love,5 hours 3 minutes,Mystery,2014
Book 498: The Adventure,J.K. Rowling,3.8,833,12.21,A wonderful story about love,8 hours 50 minutes,Biography,2004
Book 499: The Mystery,Jane Austen,4.6,1136,39.71,A wonderful tale about love,11 hours 35 minutes,Romance,2022
