book_name,author,rating_catalog,number_of_reviews_catalog,price_catalog,description,listening_time,genre,year_catalog,rating_advanced,number_of_reviews_advanced,price_advanced,year_advanced
Book 0: The Journey,Stephen King,3.5,3754.0,10.15,A wonderful tale about courage,11 hours 53 minutes,Mystery,2008.0,3.5,3754.0,10.15,2008.0
Book 100: The Adventure,Mark Twain,3.7,2431.0,26.92,A wonderful story about mystery,18 hours 58 minutes,Romance,2019.0,,,,
Book 101: The Adventure,Michelle Obama,3.8,2520.0,11.84,A wonderful saga about love,24 hours 22 minutes,Romance,2020.0,3.8,2520.0,11.84,2020.0
Book 102: The Tale,George R.R. Martin,3.4,3662.0,26.42,A wonderful saga about courage,19 hours 19 minutes,Sci-Fi,2016.0,,,,
Book 103: The Journey,Isaac Asimov,3.2,4946.0,25.15,A wonderful story about mystery,8 hours 53 minutes,Science,2009.0,3.2,4946.0,25.15,2009.0
Book 104: The Journey,Margaret Atwood,4.7,3500.0,27.17,A wonderful story about mystery,24 hours 56 minutes,Adventure,2022.0,4.7,3500.0,27.17,2022.0
Book 105: The Tale,Isaac Asimov,3.9,1375.0,14.49,A wonderful story about love,20 hours 11 minutes,Fantasy,2019.0,,,,
Book 106: The Tale,John Grisham,4.3,3646.0,19.83,A wonderful saga about love,12 hours 6 minutes,Sci-Fi,2001.0,,,,
Book 107: The Journey,Isaac Asimov,4.3,2889.0,25.6,A wonderful saga about mystery,18 hours 8 minutes,Mystery,2024.0,4.3,2889.0,25.6,2024.0
Book 108: The Tale,Leo Tolstoy,4.2,3672.0,13.48,A wonderful tale about love,11 hours 46 minutes,Romance,2005.0,4.2,3672.0,13.48,2005.0
Book 109: The Adventure,J.K. Rowling,3.0,356.0,16.15,A wonderful tale about love,20 hours 48 minutes,Business,2020.0,3.0,356.0,16.15,2020.0
Book 10: The Journey,Ernest Hemingway,4.2,1186.0,29.37,A wonderful story about love,9 hours 28 minutes,Biography,2006.0,4.2,1186.0,29.37,2006.0
Book 110: The Mystery,Charles Dickens,4.6,2898.0,27.48,A wonderful saga about adventure,8 hours 43 minutes,Horror,2015.0,4.6,2898.0,27.48,2015.0
Book 111: The Adventure,Michelle Obama,3.5,3573.0,12.72,A wonderful story about courage,13 hours 41 minutes,Science,2014.0,3.5,3573.0,12.72,2014.0
Book 112: The Journey,Agatha Christie,3.3,2259.0,25.3,A wonderful story about love,5 hours 14 minutes,Adventure,2000.0,3.3,2259.0,25.3,2000.0
Book 113: The Tale,Bill Bryson,4.1,479.0,34.25,A wonderful saga about mystery,14 hours 14 minutes,Fiction,2006.0,4.1,479.0,34.25,2006.0
Book 114: The Mystery,Ernest Hemingway,3.1,624.0,23.59,A wonderful saga about mystery,12 hours 26 minutes,Adventure,2021.0,3.1,624.0,23.59,2021.0
Book 115: The Journey,Mark Twain,4.5,3337.0,25.39,A wonderful story about mystery,13 hours 23 minutes,Horror,2016.0,4.5,3337.0,25.39,2016.0
Book 116: The Tale,Leo Tolstoy,3.4,2986.0,23.69,A wonderful saga about love,11 hours 37 minutes,Comedy,2009.0,3.4,2986.0,23.69,2009.0
Book 117: The Mystery,Bill Bryson,3.4,4213.0,11.72,A wonderful story about courage,12 hours 29 minutes,History,2006.0,3.4,4213.0,11.72,2006.0
Book 118: The Mystery,Mark Twain,4.7,1320.0,23.86,A wonderful tale about mystery,6 hours 30 minutes,Self-Help,2001.0,4.7,1320.0,23.86,2001.0
Book 119: The Tale,Mark Twain,3.7,265.0,34.2,A wonderful saga about love,4 hours 55 minutes,Business,2019.0,3.7,265.0,34.2,2019.0
Book 11: The Journey,Isaac Asimov,3.7,2396.0,37.23,A wonderful story about mystery,9 hours 58 minutes,Biography,2000.0,3.7,2396.0,37.23,2000.0
Book 120: The Mystery,F. Scott Fitzgerald,3.3,1179.0,31.69,A wonderful saga about courage,23 hours 37 minutes,History,2016.0,3.3,1179.0,31.69,2016.0
Book 121: The Journey,J.K. Rowling,4.8,4987.0,21.87,A wonderful tale about courage,21 hours 39 minutes,Mystery,2016.0,,,,
Book 122: The Tale,Agatha Christie,3.0,3599.0,34.48,A wonderful story about adventure,5 hours 30 minutes,Fantasy,2022.0,3.0,3599.0,34.48,2022.0
Book 123: The Adventure,Arthur Conan Doyle,4.7,295.0,32.36,A wonderful tale about love,9 hours 32 minutes,Business,2007.0,4.7,295.0,32.36,2007.0
Book 124: The Journey,Bill Bryson,3.3,1044.0,27.34,A wonderful saga about love,6 hours 55 minutes,Mystery,2019.0,3.3,1044.0,27.34,2019.0
Book 125: The Journey,Jane Austen,3.3,560.0,11.35,A wonderful tale about courage,24 hours 24 minutes,Fantasy,2005.0,3.3,560.0,11.35,2005.0
Book 126: The Tale,Bill Bryson,3.5,1943.0,20.33,A wonderful tale about adventure,19 hours 19 minutes,Mystery,2021.0,3.5,1943.0,20.33,2021.0
Book 127: The Tale,Arthur Conan Doyle,3.3,3010.0,11.9,A wonderful saga about adventure,16 hours 3 minutes,Sci-Fi,2001.0,3.3,3010.0,11.9,2001.0
Book 128: The Mystery,James Patterson,4.3,2976.0,39.81,A wonderful saga about courage,7 hours 8 minutes,Psychology,2011.0,,,,
Book 129: The Journey,George R.R. Martin,3.1,3146.0,38.03,A wonderful saga about love,9 hours 21 minutes,Science,2007.0,3.1,3146.0,38.03,2007.0
Book 12: The Mystery,Agatha Christie,4.3,3526.0,12.67,A wonderful tale about love,16 hours 47 minutes,Thriller,2022.0,4.3,3526.0,12.67,2022.0
Book 130: The Mystery,Mark Twain,3.0,4656.0,12.06,A wonderful story about courage,16 hours 36 minutes,Self-Help,2020.0,,,,
Book 131: The Journey,Leo Tolstoy,4.6,275.0,38.0,A wonderful story about courage,17 hours 9 minutes,Thriller,2000.0,4.6,275.0,38.0,2000.0
Book 132: The Journey,Charles Dickens,3.5,4966.0,10.94,A wonderful story about courage,13 hours 55 minutes,Thriller,2005.0,3.5,4966.0,10.94,2005.0
Book 133: The Adventure,George R.R. Martin,3.6,1266.0,22.26,A wonderful tale about love,25 hours 11 minutes,Romance,2002.0,3.6,1266.0,22.26,2002.0
Book 134: The Journey,Ernest Hemingway,3.3,3695.0,33.06,A wonderful tale about love,5 hours 31 minutes,Business,2008.0,,,,
Book 135: The Mystery,Leo Tolstoy,3.1,3048.0,32.96,A wonderful saga about mystery,13 hours 40 minutes,Business,2024.0,,,,
Book 136: The Mystery,Margaret Atwood,4.5,3057.0,39.34,A wonderful saga about courage,8 hours 20 minutes,Sci-Fi,2012.0,4.5,3057.0,39.34,2012.0
Book 137: The Adventure,George R.R. Martin,4.1,3646.0,29.37,A wonderful tale about adventure,23 hours 3 minutes,Mystery,2011.0,4.1,3646.0,29.37,2011.0
Book 138: The Mystery,F. Scott Fitzgerald,4.5,639.0,22.6,A wonderful story about adventure,3 hours 28 minutes,Fantasy,2021.0,,,,
Book 139: The Tale,Isaac Asimov,4.0,4711.0,39.78,A wonderful saga about courage,11 hours 13 minutes,Science,2012.0,4.0,4711.0,39.78,2012.0
Book 13: The Mystery,Mark Twain,4.2,22.0,27.21,A wonderful tale about courage,18 hours 48 minutes,Fiction,2023.0,,,,
Book 140: The Adventure,Arthur Conan Doyle,4.6,1137.0,21.46,A wonderful story about adventure,8 hours 36 minutes,Mystery,2012.0,4.6,1137.0,21.46,2012.0
Book 141: The Mystery,Isaac Asimov,4.0,4347.0,36.08,A wonderful story about courage,8 hours 31 minutes,Comedy,2018.0,4.0,4347.0,36.08,2018.0
Book 142: The Mystery,Bill Bryson,3.2,3016.0,37.19,A wonderful tale about adventure,5 hours 8 minutes,Sci-Fi,2006.0,3.2,3016.0,37.19,2006.0
Book 143: The Tale,Dan Brown,4.0,3270.0,21.26,A wonderful tale about mystery,22 hours 27 minutes,Thriller,2016.0,4.0,3270.0,21.26,2016.0
Book 144: The Adventure,Michelle Obama,4.9,2585.0,30.47,A wonderful saga about mystery,23 hours 27 minutes,Self-Help,2000.0,4.9,2585.0,30.47,2000.0
Book 145: The Tale,Margaret Atwood,3.1,2293.0,29.84,A wonderful saga about love,15 hours 27 minutes,Self-Help,2023.0,3.1,2293.0,29.84,2023.0
Book 146: The Adventure,Dan Brown,4.6,2054.0,26.17,A wonderful story about love,18 hours 24 minutes,Thriller,2022.0,4.6,2054.0,26.17,2022.0
Book 147: The Adventure,Leo Tolstoy,4.7,939.0,29.6,A wonderful story about love,3 hours 2 minutes,Science,2002.0,4.7,939.0,29.6,2002.0
Book 148: The Journey,Yuval Noah Harari,4.0,222.0,20.42,A wonderful tale about adventure,20 hours 12 minutes,Business,2002.0,4.0,222.0,20.42,2002.0
Book 149: The Mystery,Michelle Obama,3.9,1534.0,15.34,A wonderful tale about mystery,14 hours 0 minutes,Fantasy,2017.0,,,,
Book 14: The Journey,J.K. Rowling,4.4,2900.0,26.04,A wonderful saga about mystery,19 hours 55 minutes,Biography,2000.0,,,,
Book 150: The Mystery,Michelle Obama,4.9,4098.0,26.11,A wonderful story about courage,13 hours 48 minutes,Psychology,2009.0,4.9,4098.0,26.11,2009.0
Book 151: The Journey,Mark Twain,3.1,4251.0,25.86,A wonderful saga about love,19 hours 12 minutes,Science,2023.0,,,,
Book 152: The Tale,Isaac Asimov,4.0,3180.0,31.83,A wonderful saga about mystery,3 hours 43 minutes,Romance,2017.0,4.0,3180.0,31.83,2017.0
Book 153: The Journey,James Patterson,3.8,4611.0,16.67,A wonderful tale about adventure,3 hours 40 minutes,Science,2018.0,3.8,4611.0,16.67,2018.0
Book 154: The Mystery,Charles Dickens,4.4,974.0,10.09,A wonderful saga about adventure,10 hours 14 minutes,Science,2011.0,4.4,974.0,10.09,2011.0
Book 155: The Mystery,John Grisham,4.0,2154.0,10.67,A wonderful story about mystery,25 hours 56 minutes,Thriller,2011.0,4.0,2154.0,10.67,2011.0
Book 156: The Journey,Arthur Conan Doyle,4.8,2142.0,18.94,A wonderful tale about adventure,14 hours 19 minutes,Horror,2008.0,,,,
Book 157: The Journey,Dan Brown,3.1,3665.0,30.19,A wonderful story about mystery,7 hours 6 minutes,Thriller,2007.0,3.1,3665.0,30.19,2007.0
Book 158: The Journey,Michelle Obama,3.2,1767.0,26.32,A wonderful saga about courage,15 hours 32 minutes,Biography,2019.0,3.2,1767.0,26.32,2019.0
Book 159: The Mystery,Arthur Conan Doyle,4.2,2349.0,25.95,A wonderful story about adventure,21 hours 19 minutes,Romance,2006.0,4.2,2349.0,25.95,2006.0
Book 15: The Mystery,Leo Tolstoy,4.4,1980.0,31.68,A wonderful tale about adventure,14 hours 52 minutes,Business,2018.0,4.4,1980.0,31.68,2018.0
Book 160: The Journey,Bill Bryson,3.1,4033.0,34.69,A wonderful saga about love,8 hours 4 minutes,Fiction,2014.0,,,,
Book 161: The Journey,George R.R. Martin,3.6,1649.0,17.42,A wonderful story about courage,4 hours 19 minutes,Thriller,2012.0,,,,
Book 162: The Tale,Yuval Noah Harari,4.3,1014.0,20.37,A wonderful saga about mystery,12 hours 29 minutes,Sci-Fi,2018.0,,,,
Book 163: The Journey,Arthur Conan Doyle,4.1,1121.0,18.26,A wonderful tale about adventure,19 hours 38 minutes,Horror,2000.0,4.1,1121.0,18.26,2000.0
Book 164: The Mystery,J.K. Rowling,3.7,616.0,38.11,A wonderful story about courage,19 hours 21 minutes,Sci-Fi,2008.0,3.7,616.0,38.11,2008.0
Book 165: The Tale,Leo Tolstoy,5.0,3713.0,31.74,A wonderful story about adventure,16 hours 56 minutes,Psychology,2005.0,5.0,3713.0,31.74,2005.0
Book 166: The Adventure,Malcolm Gladwell,4.1,1424.0,13.38,A wonderful story about love,24 hours 8 minutes,Psychology,2013.0,,,,
Book 167: The Mystery,Isaac Asimov,3.9,3656.0,34.27,A wonderful tale about love,13 hours 57 minutes,Business,2016.0,3.9,3656.0,34.27,2016.0
Book 168: The Mystery,Stephen King,4.2,729.0,22.57,A wonderful story about courage,18 hours 22 minutes,Biography,2003.0,4.2,729.0,22.57,2003.0
Book 169: The Adventure,Stephen King,3.2,2628.0,32.97,A wonderful story about mystery,9 hours 10 minutes,Fantasy,2017.0,,,,
Book 16: The Adventure,Stephen King,4.3,4684.0,38.09,A wonderful tale about adventure,4 hours 32 minutes,Mystery,2016.0,4.3,4684.0,38.09,2016.0
Book 170: The Mystery,Leo Tolstoy,4.4,2856.0,36.5,A wonderful story about adventure,15 hours 1 minutes,Adventure,2002.0,4.4,2856.0,36.5,2002.0
Book 171: The Adventure,Arthur Conan Doyle,4.7,541.0,10.46,A wonderful saga about mystery,10 hours 14 minutes,Thriller,2016.0,,,,
Book 172: The Adventure,Malcolm Gladwell,4.3,4515.0,16.17,A wonderful tale about love,7 hours 13 minutes,Romance,2009.0,4.3,4515.0,16.17,2009.0
Book 173: The Mystery,Mark Twain,4.5,4451.0,13.02,A wonderful saga about mystery,3 hours 37 minutes,Business,2010.0,4.5,4451.0,13.02,2010.0
Book 174: The Journey,Dan Brown,4.4,2388.0,11.0,A wonderful saga about mystery,19 hours 10 minutes,Psychology,2003.0,,,,
Book 175: The Journey,J.K. Rowling,3.4,2467.0,27.92,A wonderful tale about courage,6 hours 23 minutes,Thriller,2016.0,3.4,2467.0,27.92,2016.0
Book 176: The Adventure,James Patterson,3.9,1300.0,31.09,A wonderful story about adventure,25 hours 41 minutes,Comedy,2008.0,3.9,1300.0,31.09,2008.0
Book 177: The Tale,Arthur Conan Doyle,3.5,1436.0,11.45,A wonderful story about mystery,4 hours 24 minutes,Self-Help,2017.0,3.5,1436.0,11.45,2017.0
Book 178: The Adventure,Mark Twain,3.7,2971.0,32.21,A wonderful story about courage,23 hours 16 minutes,Self-Help,2018.0,3.7,2971.0,32.21,2018.0
Book 179: The Adventure,Mark Twain,3.9,4177.0,22.06,A wonderful tale about courage,20 hours 39 minutes,Self-Help,2008.0,3.9,4177.0,22.06,2008.0
Book 17: The Mystery,George R.R. Martin,4.7,3422.0,37.39,A wonderful tale about courage,8 hours 4 minutes,History,2003.0,4.7,3422.0,37.39,2003.0
Book 180: The Adventure,F. Scott Fitzgerald,3.8,1846.0,17.02,A wonderful tale about mystery,4 hours 38 minutes,Thriller,2022.0,3.8,1846.0,17.02,2022.0
Book 181: The Journey,Margaret Atwood,3.2,1004.0,16.51,A wonderful story about love,4 hours 42 minutes,Horror,2014.0,3.2,1004.0,16.51,2014.0
Book 182: The Journey,Yuval Noah Harari,3.9,1656.0,35.9,A wonderful saga about adventure,6 hours 41 minutes,Fantasy,2012.0,3.9,1656.0,35.9,2012.0
Book 183: The Journey,Stephen King,4.3,1147.0,11.68,A wonderful story about love,3 hours 3 minutes,Self-Help,2018.0,4.3,1147.0,11.68,2018.0
Book 184: The Adventure,Isaac Asimov,3.7,1949.0,25.11,A wonderful saga about adventure,25 hours 7 minutes,History,2015.0,3.7,1949.0,25.11,2015.0
Book 185: The Tale,Mark Twain,3.3,4057.0,18.67,A wonderful saga about love,16 hours 28 minutes,Mystery,2024.0,3.3,4057.0,18.67,2024.0
Book 186: The Journey,Dan Brown,4.8,225.0,34.46,A wonderful story about mystery,15 hours 7 minutes,Romance,2007.0,4.8,225.0,34.46,2007.0
Book 187: The Mystery,Agatha Christie,3.1,2966.0,31.94,A wonderful saga about courage,20 hours 16 minutes,Business,2024.0,,,,
Book 188: The Mystery,Jane Austen,4.7,4548.0,19.56,A wonderful tale about adventure,18 hours 44 minutes,Science,2010.0,,,,
Book 189: The Mystery,Mark Twain,3.2,4698.0,27.93,A wonderful story about courage,7 hours 13 minutes,Mystery,2024.0,,,,
Book 18: The Adventure,Bill Bryson,4.3,1544.0,15.24,A wonderful story about adventure,12 hours 45 minutes,Fiction,2016.0,4.3,1544.0,15.24,2016.0
Book 190: The Adventure,Agatha Christie,3.2,3032.0,30.17,A wonderful tale about adventure,25 hours 43 minutes,Adventure,2014.0,,,,
Book 191: The Mystery,James Patterson,4.5,3838.0,19.61,A wonderful story about courage,23 hours 0 minutes,Fantasy,2021.0,,,,
Book 192: The Adventure,Stephen King,4.6,4529.0,19.04,A wonderful saga about adventure,12 hours 26 minutes,Adventure,2014.0,4.6,4529.0,19.04,2014.0
Book 193: The Mystery,Malcolm Gladwell,4.1,1073.0,14.29,A wonderful saga about adventure,24 hours 6 minutes,Adventure,2018.0,4.1,1073.0,14.29,2018.0
Book 194: The Tale,Malcolm Gladwell,4.2,716.0,29.8,A wonderful tale about love,24 hours 33 minutes,Romance,2000.0,4.2,716.0,29.8,2000.0
Book 195: The Adventure,James Patterson,4.1,548.0,16.62,A wonderful story about courage,11 hours 39 minutes,Comedy,2015.0,4.1,548.0,16.62,2015.0
Book 196: The Mystery,Arthur Conan Doyle,3.7,2543.0,19.01,A wonderful saga about courage,22 hours 44 minutes,History,2003.0,3.7,2543.0,19.01,2003.0
Book 197: The Journey,Agatha Christie,3.2,3271.0,11.82,A wonderful tale about mystery,7 hours 26 minutes,Sci-Fi,2008.0,3.2,3271.0,11.82,2008.0
Book 198: The Adventure,Bill Bryson,3.7,3931.0,38.45,A wonderful tale about adventure,6 hours 32 minutes,Fantasy,2002.0,3.7,3931.0,38.45,2002.0
Book 199: The Journey,Dan Brown,4.3,4316.0,36.38,A wonderful story about adventure,22 hours 7 minutes,Psychology,2012.0,4.3,4316.0,36.38,2012.0
Book 19: The Tale,Agatha Christie,4.8,711.0,36.46,A wonderful saga about mystery,19 hours 25 minutes,Business,2000.0,4.8,711.0,36.46,2000.0
Book 1: The Journey,Isaac Asimov,4.1,524.0,26.5,A wonderful saga about courage,18 hours 54 minutes,Science,2015.0,,,,
Book 200: The Journey,Leo Tolstoy,4.5,3375.0,37.34,A wonderful story about love,12 hours 7 minutes,Comedy,2020.0,,,,
Book 201: The Journey,Ernest Hemingway,4.7,3364.0,28.77,A wonderful story about adventure,6 hours 31 minutes,Business,2007.0,,,,
Book 202: The Journey,John Grisham,4.4,4719.0,22.81,A wonderful story about courage,9 hours 38 minutes,Mystery,2021.0,4.4,4719.0,22.81,2021.0
Book 203: The Mystery,John Grisham,4.9,614.0,24.86,A wonderful saga about love,9 hours 49 minutes,Psychology,2022.0,4.9,614.0,24.86,2022.0
Book 204: The Mystery,John Grisham,4.2,1036.0,39.16,A wonderful saga about courage,11 hours 53 minutes,Mystery,2007.0,4.2,1036.0,39.16,2007.0
Book 205: The Adventure,Bill Bryson,3.7,2607.0,38.24,A wonderful tale about courage,19 hours 12 minutes,Comedy,2010.0,,,,
Book 206: The Adventure,Charles Dickens,4.2,617.0,30.13,A wonderful story about mystery,14 hours 45 minutes,Fiction,2013.0,4.2,617.0,30.13,2013.0
Book 207: The Adventure,Jane Austen,3.4,3696.0,33.56,A wonderful tale about adventure,16 hours 18 minutes,Adventure,2011.0,,,,
Book 208: The Mystery,F. Scott Fitzgerald,4.3,3826.0,19.55,A wonderful tale about adventure,8 hours 2 minutes,History,2016.0,4.3,3826.0,19.55,2016.0
Book 209: The Adventure,F. Scott Fitzgerald,3.4,4248.0,22.48,A wonderful saga about mystery,20 hours 31 minutes,Business,2017.0,3.4,4248.0,22.48,2017.0
Book 20: The Journey,Stephen King,4.3,4298.0,15.26,A wonderful tale about love,7 hours 49 minutes,Psychology,2012.0,,,,
Book 210: The Journey,Arthur Conan Doyle,3.2,2832.0,14.47,A wonderful story about love,9 hours 44 minutes,Fiction,2000.0,3.2,2832.0,14.47,2000.0
Book 211: The Mystery,James Patterson,4.7,1061.0,21.28,A wonderful tale about adventure,18 hours 21 minutes,Adventure,2022.0,4.7,1061.0,21.28,2022.0
Book 212: The Adventure,Ernest Hemingway,3.7,4526.0,32.62,A wonderful tale about courage,10 hours 0 minutes,Science,2008.0,,,,
Book 213: The Journey,Arthur Conan Doyle,4.5,4825.0,24.2,A wonderful saga about mystery,3 hours 42 minutes,Science,2007.0,,,,
Book 214: The Adventure,James Patterson,4.1,1500.0,35.47,A wonderful story about mystery,5 hours 58 minutes,Biography,2009.0,,,,
Book 215: The Tale,John Grisham,4.6,1067.0,19.01,A wonderful story about courage,6 hours 53 minutes,Horror,2002.0,,,,
Book 216: The Adventure,Stephen King,4.7,3554.0,31.22,A wonderful story about courage,21 hours 42 minutes,Science,2012.0,,,,
Book 217: The Tale,John Grisham,4.9,4129.0,34.16,A wonderful saga about adventure,18 hours 9 minutes,Sci-Fi,2021.0,,,,
Book 218: The Adventure,Dan Brown,4.6,463.0,37.43,A wonderful tale about mystery,5 hours 49 minutes,Comedy,2023.0,4.6,463.0,37.43,2023.0
Book 219: The Adventure,Michelle Obama,4.2,1027.0,26.86,A wonderful story about adventure,19 hours 4 minutes,Fiction,2010.0,4.2,1027.0,26.86,2010.0
Book 21: The Mystery,J.K. Rowling,3.6,2964.0,37.58,A wonderful tale about courage,19 hours 56 minutes,Science,2020.0,,,,
Book 220: The Mystery,Michelle Obama,4.3,4254.0,39.02,A wonderful saga about mystery,6 hours 57 minutes,History,2002.0,4.3,4254.0,39.02,2002.0
Book 221: The Mystery,Isaac Asimov,3.1,1263.0,26.71,A wonderful saga about adventure,11 hours 41 minutes,Fantasy,2017.0,3.1,1263.0,26.71,2017.0
Book 222: The Tale,Agatha Christie,4.9,2501.0,14.01,A wonderful story about courage,10 hours 29 minutes,History,2005.0,4.9,2501.0,14.01,2005.0
Book 223: The Mystery,Yuval Noah Harari,4.7,1358.0,17.28,A wonderful tale about love,12 hours 16 minutes,Comedy,2015.0,4.7,1358.0,17.28,2015.0
Book 224: The Journey,Bill Bryson,3.5,1336.0,16.09,A wonderful story about love,17 hours 3 minutes,History,2010.0,3.5,1336.0,16.09,2010.0
Book 225: The Journey,Yuval Noah Harari,3.4,2653.0,29.39,A wonderful story about love,6 hours 52 minutes,Self-Help,2011.0,3.4,2653.0,29.39,2011.0
Book 226: The Tale,Leo Tolstoy,4.4,1857.0,37.66,A wonderful saga about adventure,8 hours 55 minutes,Business,2006.0,,,,
Book 227: The Journey,Agatha Christie,3.6,2844.0,35.4,A wonderful story about love,4 hours 54 minutes,Horror,2018.0,3.6,2844.0,35.4,2018.0
Book 228: The Journey,Yuval Noah Harari,3.7,4260.0,12.76,A wonderful tale about love,12 hours 23 minutes,Romance,2008.0,3.7,4260.0,12.76,2008.0
Book 229: The Adventure,J.K. Rowling,3.0,2336.0,31.73,A wonderful saga about adventure,24 hours 20 minutes,Thriller,2005.0,3.0,2336.0,31.73,2005.0
Book 22: The Adventure,Bill Bryson,3.9,564.0,39.91,A wonderful story about courage,21 hours 1 minutes,Mystery,2006.0,3.9,564.0,39.91,2006.0
Book 230: The Mystery,Ernest Hemingway,4.7,656.0,15.7,A wonderful tale about adventure,16 hours 47 minutes,Biography,2023.0,,,,
Book 231: The Journey,F. Scott Fitzgerald,4.1,2062.0,18.04,A wonderful tale about courage,6 hours 6 minutes,Sci-Fi,2021.0,4.1,2062.0,18.04,2021.0
Book 232: The Journey,John Grisham,3.8,1618.0,30.2,A wonderful saga about love,4 hours 0 minutes,Comedy,2006.0,3.8,1618.0,30.2,2006.0
Book 233: The Mystery,Mark Twain,3.3,4522.0,28.08,A wonderful story about courage,7 hours 42 minutes,Horror,2015.0,3.3,4522.0,28.08,2015.0
Book 234: The Journey,Arthur Conan Doyle,4.3,2258.0,36.2,A wonderful saga about mystery,23 hours 10 minutes,Science,2023.0,4.3,2258.0,36.2,2023.0
Book 235: The Journey,Stephen King,3.1,1035.0,15.63,A wonderful tale about mystery,13 hours 22 minutes,Psychology,2006.0,,,,
Book 236: The Mystery,Bill Bryson,4.5,2490.0,32.84,A wonderful tale about adventure,17 hours 39 minutes,Adventure,2007.0,,,,
Book 237: The Adventure,Arthur Conan Doyle,3.4,4380.0,31.72,A wonderful saga about adventure,11 hours 56 minutes,Fantasy,2023.0,3.4,4380.0,31.72,2023.0
Book 238: The Journey,Arthur Conan Doyle,3.8,775.0,26.76,A wonderful story about adventure,5 hours 23 minutes,Romance,2007.0,3.8,775.0,26.76,2007.0
Book 239: The Mystery,F. Scott Fitzgerald,3.7,4127.0,24.37,A wonderful story about adventure,13 hours 11 minutes,Self-Help,2008.0,3.7,4127.0,24.37,2008.0
Book 23: The Tale,Michelle Obama,4.2,4319.0,21.9,A wonderful tale about courage,8 hours 12 minutes,Horror,2022.0,4.2,4319.0,21.9,2022.0
Book 240: The Journey,Agatha Christie,3.7,1391.0,36.07,A wonderful story about adventure,6 hours 25 minutes,History,2006.0,3.7,1391.0,36.07,2006.0
Book 241: The Journey,Bill Bryson,4.4,4858.0,19.98,A wonderful tale about love,15 hours 29 minutes,History,2007.0,,,,
Book 242: The Adventure,Isaac Asimov,4.6,4766.0,38.7,A wonderful tale about mystery,11 hours 53 minutes,Mystery,2006.0,4.6,4766.0,38.7,2006.0
Book 243: The Tale,James Patterson,4.1,1273.0,10.45,A wonderful story about adventure,15 hours 44 minutes,Biography,2007.0,,,,
Book 244: The Tale,Michelle Obama,3.2,1412.0,38.1,A wonderful saga about courage,18 hours 51 minutes,Thriller,2019.0,3.2,1412.0,38.1,2019.0
Book 245: The Mystery,Ernest Hemingway,3.1,4967.0,38.85,A wonderful story about love,16 hours 41 minutes,History,2011.0,3.1,4967.0,38.85,2011.0
Book 246: The Tale,Dan Brown,3.3,2775.0,13.51,A wonderful story about courage,8 hours 7 minutes,Fiction,2004.0,3.3,2775.0,13.51,2004.0
Book 247: The Mystery,Leo Tolstoy,4.2,4627.0,39.98,A wonderful saga about love,7 hours 44 minutes,Business,2024.0,4.2,4627.0,39.98,2024.0
Book 248: The Tale,Bill Bryson,4.3,347.0,24.36,A wonderful tale about adventure,4 hours 54 minutes,Sci-Fi,2003.0,4.3,347.0,24.36,2003.0
Book 249: The Adventure,Malcolm Gladwell,3.5,242.0,17.27,A wonderful saga about love,8 hours 6 minutes,Adventure,2003.0,3.5,242.0,17.27,2003.0
Book 24: The Tale,J.K. Rowling,4.5,4467.0,24.85,A wonderful story about courage,9 hours 53 minutes,Psychology,2010.0,4.5,4467.0,24.85,2010.0
Book 250: The Mystery,Isaac Asimov,4.3,675.0,28.12,A wonderful story about adventure,16 hours 58 minutes,Horror,2002.0,4.3,675.0,28.12,2002.0
Book 251: The Tale,Malcolm Gladwell,4.0,382.0,16.13,A wonderful story about mystery,21 hours 30 minutes,Science,2021.0,,,,
Book 252: The Adventure,Agatha Christie,3.9,4734.0,37.44,A wonderful saga about adventure,21 hours 43 minutes,Business,2021.0,,,,
Book 253: The Tale,Stephen King,3.5,2178.0,26.55,A wonderful tale about adventure,17 hours 11 minutes,Romance,2015.0,3.5,2178.0,26.55,2015.0
Book 254: The Journey,Yuval Noah Harari,4.5,1736.0,33.26,A wonderful tale about love,22 hours 24 minutes,Horror,2019.0,,,,
Book 255: The Journey,Arthur Conan Doyle,3.2,4696.0,21.41,A wonderful tale about love,14 hours 39 minutes,History,2000.0,3.2,4696.0,21.41,2000.0
Book 256: The Adventure,John Grisham,3.9,3422.0,26.0,A wonderful story about courage,3 hours 55 minutes,Romance,2024.0,,,,
Book 257: The Journey,James Patterson,3.6,258.0,20.77,A wonderful story about love,24 hours 56 minutes,Self-Help,2017.0,,,,
Book 258: The Journey,Arthur Conan Doyle,4.4,4089.0,17.84,A wonderful story about love,7 hours 30 minutes,Romance,2001.0,4.4,4089.0,17.84,2001.0
Book 259: The Mystery,F. Scott Fitzgerald,4.0,4479.0,25.37,A wonderful saga about love,18 hours 7 minutes,Romance,2015.0,,,,
Book 25: The Mystery,John Grisham,3.2,4166.0,38.09,A wonderful saga about courage,4 hours 15 minutes,Science,2013.0,3.2,4166.0,38.09,2013.0
Book 260: The Tale,Dan Brown,4.3,2382.0,24.91,A wonderful saga about mystery,16 hours 28 minutes,Science,2011.0,,,,
Book 261: The Mystery,F. Scott Fitzgerald,3.1,2484.0,12.95,A wonderful tale about love,4 hours 4 minutes,Science,2019.0,3.1,2484.0,12.95,2019.0
Book 262: The Tale,Arthur Conan Doyle,3.8,3966.0,39.43,A wonderful saga about courage,11 hours 41 minutes,Business,2010.0,3.8,3966.0,39.43,2010.0
Book 263: The Journey,Jane Austen,4.2,2016.0,24.07,A wonderful story about mystery,13 hours 0 minutes,Adventure,2015.0,,,,
Book 264: The Mystery,Isaac Asimov,3.0,3336.0,35.18,A wonderful story about adventure,25 hours 55 minutes,Romance,2018.0,,,,
Book 265: The Tale,Charles Dickens,3.6,2446.0,37.42,A wonderful tale about adventure,24 hours 33 minutes,Psychology,2008.0,3.6,2446.0,37.42,2008.0
Book 266: The Tale,Leo Tolstoy,3.4,3725.0,21.11,A wonderful story about love,21 hours 46 minutes,Psychology,2015.0,3.4,3725.0,21.11,2015.0
Book 267: The Mystery,Mark Twain,3.3,607.0,22.41,A wonderful saga about adventure,21 hours 14 minutes,Self-Help,2005.0,,,,
Book 268: The Adventure,F. Scott Fitzgerald,3.5,500.0,26.87,A wonderful tale about adventure,24 hours 55 minutes,Thriller,2024.0,3.5,500.0,26.87,2024.0
Book 269: The Tale,Agatha Christie,3.7,1304.0,16.63,A wonderful saga about courage,13 hours 33 minutes,Fiction,2016.0,,,,
Book 26: The Mystery,Malcolm Gladwell,3.6,4168.0,38.85,A wonderful tale about adventure,4 hours 29 minutes,Fiction,2011.0,3.6,4168.0,38.85,2011.0
Book 270: The Journey,John Grisham,3.0,3611.0,14.37,A wonderful saga about love,19 hours 44 minutes,Sci-Fi,2008.0,,,,
Book 271: The Tale,Stephen King,4.5,3414.0,17.81,A wonderful story about mystery,25 hours 39 minutes,Horror,2012.0,4.5,3414.0,17.81,2012.0
Book 272: The Journey,Ernest Hemingway,3.4,3976.0,38.03,A wonderful saga about mystery,6 hours 27 minutes,Self-Help,2007.0,3.4,3976.0,38.03,2007.0
Book 273: The Mystery,Margaret Atwood,3.8,3814.0,27.36,A wonderful tale about courage,24 hours 46 minutes,Sci-Fi,2024.0,,,,
Book 274: The Tale,John Grisham,4.4,1681.0,22.52,A wonderful story about mystery,10 hours 30 minutes,Mystery,2018.0,4.4,1681.0,22.52,2018.0
Book 275: The Journey,Isaac Asimov,4.0,2796.0,14.56,A wonderful saga about love,14 hours 42 minutes,Fantasy,2004.0,4.0,2796.0,14.56,2004.0
Book 276: The Journey,J.K. Rowling,4.7,4979.0,19.89,A wonderful story about adventure,24 hours 41 minutes,Thriller,2001.0,,,,
Book 277: The Mystery,Agatha Christie,4.6,1186.0,21.39,A wonderful story about courage,15 hours 9 minutes,Sci-Fi,2016.0,4.6,1186.0,21.39,2016.0
Book 278: The Tale,Bill Bryson,3.1,2570.0,34.99,A wonderful saga about love,20 hours 57 minutes,Fiction,2013.0,3.1,2570.0,34.99,2013.0
Book 279: The Tale,James Patterson,4.7,2625.0,24.97,A wonderful tale about adventure,22 hours 3 minutes,Business,2015.0,,,,
Book 27: The Tale,Bill Bryson,4.5,4549.0,37.77,A wonderful tale about adventure,4 hours 58 minutes,Psychology,2003.0,,,,
Book 280: The Mystery,James Patterson,3.1,2839.0,29.63,A wonderful saga about adventure,3 hours 41 minutes,Sci-Fi,2017.0,3.1,2839.0,29.63,2017.0
Book 281: The Tale,J.K. Rowling,3.0,3276.0,30.54,A wonderful saga about mystery,8 hours 32 minutes,History,2001.0,3.0,3276.0,30.54,2001.0
Book 282: The Mystery,Isaac Asimov,4.8,1081.0,17.71,A wonderful saga about courage,18 hours 54 minutes,Comedy,2016.0,4.8,1081.0,17.71,2016.0
Book 283: The Tale,James Patterson,4.7,3045.0,34.64,A wonderful story about adventure,18 hours 55 minutes,Horror,2011.0,4.7,3045.0,34.64,2011.0
Book 284: The Adventure,Stephen King,4.2,4228.0,38.99,A wonderful tale about mystery,8 hours 4 minutes,Thriller,2012.0,4.2,4228.0,38.99,2012.0
Book 285: The Tale,Yuval Noah Harari,4.1,4611.0,29.24,A wonderful story about love,18 hours 20 minutes,Biography,2021.0,4.1,4611.0,29.24,2021.0
Book 286: The Journey,Mark Twain,4.4,879.0,24.71,A wonderful tale about love,10 hours 21 minutes,Self-Help,2024.0,4.4,879.0,24.71,2024.0
Book 287: The Journey,Charles Dickens,3.8,2624.0,15.04,A wonderful tale about love,11 hours 3 minutes,Comedy,2005.0,3.8,2624.0,15.04,2005.0
Book 288: The Adventure,F. Scott Fitzgerald,3.2,1990.0,33.84,A wonderful tale about courage,19 hours 14 minutes,Self-Help,2014.0,,,,
Book 289: The Tale,Isaac Asimov,3.0,3831.0,15.07,A wonderful tale about mystery,20 hours 41 minutes,Comedy,2003.0,3.0,3831.0,15.07,2003.0
Book 28: The Journey,Malcolm Gladwell,3.4,176.0,36.29,A wonderful saga about adventure,14 hours 45 minutes,Adventure,2004.0,3.4,176.0,36.29,2004.0
Book 290: The Journey,Yuval Noah Harari,3.6,1013.0,31.6,A wonderful story about mystery,15 hours 25 minutes,Fiction,2022.0,3.6,1013.0,31.6,2022.0
Book 291: The Journey,James Patterson,4.6,2201.0,24.64,A wonderful story about adventure,10 hours 5 minutes,Fiction,2016.0,4.6,2201.0,24.64,2016.0
Book 292: The Tale,Ernest Hemingway,4.2,3693.0,37.5,A wonderful story about adventure,17 hours 28 minutes,Business,2014.0,,,,
Book 293: The Mystery,Mark Twain,4.7,2040.0,26.25,A wonderful story about courage,21 hours 28 minutes,Thriller,2010.0,,,,
Book 294: The Tale,Agatha Christie,4.8,1164.0,29.24,A wonderful tale about love,5 hours 54 minutes,Mystery,2022.0,4.8,1164.0,29.24,2022.0
Book 295: The Mystery,Mark Twain,3.2,803.0,11.75,A wonderful tale about adventure,18 hours 28 minutes,Psychology,2000.0,,,,
Book 296: The Adventure,George R.R. Martin,4.7,424.0,11.0,A wonderful saga about love,13 hours 7 minutes,History,2000.0,4.7,424.0,11.0,2000.0
Book 297: The Adventure,Ernest Hemingway,3.5,2387.0,35.39,A wonderful story about courage,18 hours 47 minutes,Business,2021.0,3.5,2387.0,35.39,2021.0
Book 298: The Journey,Margaret Atwood,4.2,3156.0,38.35,A wonderful tale about courage,23 hours 1 minutes,Adventure,2006.0,4.2,3156.0,38.35,2006.0
Book 299: The Journey,Margaret Atwood,4.0,3435.0,30.04,A wonderful tale about adventure,6 hours 25 minutes,Fantasy,2012.0,4.0,3435.0,30.04,2012.0
Book 29: The Journey,Mark Twain,3.3,3208.0,10.27,A wonderful story about love,9 hours 17 minutes,Mystery,2013.0,3.3,3208.0,10.27,2013.0
Book 2: The Tale,Jane Austen,4.4,918.0,37.86,A wonderful saga about adventure,25 hours 43 minutes,Adventure,2024.0,4.4,918.0,37.86,2024.0
Book 300: The Journey,Dan Brown,3.8,2043.0,32.92,A wonderful story about mystery,16 hours 2 minutes,Adventure,2018.0,,,,
Book 301: The Mystery,Yuval Noah Harari,3.6,1318.0,22.36,A wonderful saga about love,20 hours 35 minutes,Psychology,2003.0,3.6,1318.0,22.36,2003.0
Book 302: The Journey,Margaret Atwood,3.7,2692.0,35.27,A wonderful saga about adventure,3 hours 52 minutes,Fantasy,2010.0,3.7,2692.0,35.27,2010.0
Book 303: The Tale,Ernest Hemingway,3.7,4742.0,16.93,A wonderful story about love,5 hours 50 minutes,Science,2011.0,,,,
Book 304: The Mystery,Mark Twain,3.3,2571.0,31.21,A wonderful story about adventure,22 hours 39 minutes,History,2019.0,3.3,2571.0,31.21,2019.0
Book 305: The Adventure,Arthur Conan Doyle,4.0,1565.0,10.26,A wonderful saga about mystery,23 hours 19 minutes,Science,2008.0,4.0,1565.0,10.26,2008.0
Book 306: The Mystery,Jane Austen,3.2,1315.0,25.16,A wonderful tale about courage,19 hours 35 minutes,Romance,2005.0,,,,
Book 307: The Journey,Leo Tolstoy,4.0,4091.0,21.19,A wonderful saga about adventure,9 hours 41 minutes,Biography,2017.0,4.0,4091.0,21.19,2017.0
Book 308: The Tale,Stephen King,4.8,4226.0,28.53,A wonderful saga about love,24 hours 29 minutes,Business,2008.0,,,,
Book 309: The Tale,F. Scott Fitzgerald,3.7,3834.0,29.99,A wonderful tale about mystery,13 hours 23 minutes,Biography,2007.0,,,,
Book 30: The Adventure,Dan Brown,4.1,3861.0,27.03,A wonderful saga about adventure,14 hours 52 minutes,Thriller,2020.0,4.1,3861.0,27.03,2020.0
Book 310: The Journey,Agatha Christie,4.5,4095.0,28.49,A wonderful story about courage,4 hours 52 minutes,Thriller,2008.0,4.5,4095.0,28.49,2008.0
Book 311: The Tale,Margaret Atwood,4.6,2537.0,24.49,A wonderful tale about mystery,10 hours 54 minutes,Science,2015.0,4.6,2537.0,24.49,2015.0
Book 312: The Mystery,Isaac Asimov,4.6,4084.0,24.63,A wonderful story about courage,17 hours 21 minutes,Business,2019.0,4.6,4084.0,24.63,2019.0
Book 313: The Mystery,Margaret Atwood,3.5,199.0,10.19,A wonderful story about mystery,20 hours 49 minutes,Comedy,2010.0,,,,
Book 314: The Journey,Dan Brown,3.3,747.0,26.54,A wonderful story about adventure,22 hours 38 minutes,Adventure,2011.0,3.3,747.0,26.54,2011.0
Book 315: The Tale,Jane Austen,3.4,3231.0,10.35,A wonderful story about mystery,18 hours 45 minutes,Mystery,2005.0,,,,
Book 316: The Adventure,Charles Dickens,4.2,4150.0,25.87,A wonderful story about mystery,24 hours 23 minutes,History,2015.0,4.2,4150.0,25.87,2015.0
Book 317: The Mystery,J.K. Rowling,4.5,3755.0,18.23,A wonderful tale about love,25 hours 28 minutes,Fantasy,2013.0,4.5,3755.0,18.23,2013.0
Book 318: The Mystery,Leo Tolstoy,4.3,1982.0,39.31,A wonderful saga about adventure,6 hours 6 minutes,Biography,2006.0,4.3,1982.0,39.31,2006.0
Book 319: The Mystery,F. Scott Fitzgerald,3.4,1772.0,10.5,A wonderful saga about love,24 hours 14 minutes,Comedy,2013.0,,,,
Book 31: The Journey,James Patterson,4.9,366.0,13.21,A wonderful saga about mystery,17 hours 32 minutes,Comedy,2018.0,4.9,366.0,13.21,2018.0
Book 320: The Mystery,Ernest Hemingway,4.5,4788.0,34.38,A wonderful story about adventure,3 hours 21 minutes,Sci-Fi,2022.0,4.5,4788.0,34.38,2022.0
Book 321: The Adventure,Stephen King,4.0,2900.0,30.21,A wonderful story about mystery,14 hours 53 minutes,History,2024.0,4.0,2900.0,30.21,2024.0
Book 322: The Journey,Michelle Obama,4.5,408.0,34.18,A wonderful saga about courage,23 hours 51 minutes,Biography,2011.0,4.5,408.0,34.18,2011.0
Book 323: The Mystery,Charles Dickens,4.5,424.0,37.28,A wonderful story about adventure,12 hours 35 minutes,Thriller,2011.0,4.5,424.0,37.28,2011.0
Book 324: The Tale,George R.R. Martin,3.9,2314.0,13.2,A wonderful tale about adventure,19 hours 23 minutes,Adventure,2012.0,3.9,2314.0,13.2,2012.0
Book 325: The Adventure,John Grisham,4.8,4064.0,12.88,A wonderful story about courage,25 hours 6 minutes,Adventure,2008.0,4.8,4064.0,12.88,2008.0
Book 326: The Mystery,Mark Twain,4.1,4904.0,14.46,A wonderful story about mystery,4 hours 57 minutes,Thriller,2014.0,,,,
Book 327: The Tale,F. Scott Fitzgerald,4.3,3865.0,15.75,A wonderful saga about courage,8 hours 31 minutes,Self-Help,2005.0,,,,
Book 328: The Mystery,Stephen King,4.2,2350.0,25.78,A wonderful saga about courage,7 hours 52 minutes,Horror,2018.0,,,,
Book 329: The Journey,Michelle Obama,4.7,4406.0,34.45,A wonderful tale about adventure,25 hours 47 minutes,Self-Help,2004.0,4.7,4406.0,34.45,2004.0
Book 32: The Tale,Michelle Obama,4.1,3179.0,39.48,A wonderful saga about mystery,15 hours 40 minutes,History,2008.0,,,,
Book 330: The Adventure,Isaac Asimov,4.3,76.0,18.01,A wonderful tale about courage,16 hours 6 minutes,Comedy,2018.0,,,,
Book 331: The Journey,Leo Tolstoy,3.3,890.0,21.9,A wonderful story about love,11 hours 39 minutes,Science,2021.0,3.3,890.0,21.9,2021.0
Book 332: The Adventure,Malcolm Gladwell,3.1,3540.0,21.18,A wonderful story about mystery,9 hours 12 minutes,Fiction,2007.0,3.1,3540.0,21.18,2007.0
Book 333: The Mystery,Arthur Conan Doyle,3.9,1107.0,22.17,A wonderful tale about love,6 hours 59 minutes,History,2003.0,3.9,1107.0,22.17,2003.0
Book 334: The Mystery,F. Scott Fitzgerald,3.6,2176.0,26.94,A wonderful tale about mystery,15 hours 13 minutes,Comedy,2023.0,3.6,2176.0,26.94,2023.0
Book 335: The Adventure,Mark Twain,3.5,3006.0,39.7,A wonderful story about mystery,17 hours 52 minutes,Romance,2008.0,3.5,3006.0,39.7,2008.0
Book 336: The Tale,Dan Brown,3.1,3313.0,16.77,A wonderful saga about love,9 hours 45 minutes,Self-Help,2007.0,3.1,3313.0,16.77,2007.0
Book 337: The Tale,J.K. Rowling,4.0,3007.0,30.51,A wonderful tale about courage,13 hours 6 minutes,Romance,2017.0,,,,
Book 338: The Mystery,John Grisham,3.6,380.0,35.43,A wonderful saga about courage,16 hours 2 minutes,Sci-Fi,2013.0,3.6,380.0,35.43,2013.0
Book 339: The Mystery,Bill Bryson,3.9,3291.0,29.6,A wonderful story about adventure,23 hours 53 minutes,Mystery,2012.0,,,,
Book 33: The Tale,F. Scott Fitzgerald,4.8,3068.0,18.53,A wonderful saga about mystery,6 hours 43 minutes,Mystery,2008.0,4.8,3068.0,18.53,2008.0
Book 340: The Journey,Yuval Noah Harari,3.1,429.0,35.74,A wonderful tale about courage,24 hours 37 minutes,History,2006.0,3.1,429.0,35.74,2006.0
Book 341: The Mystery,Arthur Conan Doyle,4.7,4681.0,32.78,A wonderful story about courage,6 hours 49 minutes,Business,2004.0,4.7,4681.0,32.78,2004.0
Book 342: The Adventure,Leo Tolstoy,3.2,4612.0,12.8,A wonderful story about mystery,17 hours 29 minutes,Fantasy,2023.0,3.2,4612.0,12.8,2023.0
Book 343: The Tale,J.K. Rowling,4.7,1604.0,21.37,A wonderful saga about adventure,24 hours 37 minutes,Sci-Fi,2004.0,,,,
Book 344: The Tale,Leo Tolstoy,4.7,2979.0,26.57,A wonderful tale about love,19 hours 8 minutes,Romance,2015.0,,,,
Book 345: The Journey,Ernest Hemingway,4.2,4542.0,11.67,A wonderful tale about courage,18 hours 0 minutes,Romance,2000.0,,,,
Book 346: The Tale,Agatha Christie,4.0,2374.0,10.27,A wonderful tale about love,19 hours 47 minutes,Romance,2005.0,4.0,2374.0,10.27,2005.0
Book 347: The Tale,Bill Bryson,3.9,612.0,15.13,A wonderful tale about love,4 hours 35 minutes,Thriller,2013.0,3.9,612.0,15.13,2013.0
Book 348: The Adventure,Dan Brown,4.1,3174.0,24.99,A wonderful story about adventure,16 hours 53 minutes,Science,2015.0,,,,
Book 349: The Tale,F. Scott Fitzgerald,4.6,4140.0,23.01,A wonderful tale about mystery,21 hours 30 minutes,Psychology,2004.0,4.6,4140.0,23.01,2004.0
Book 34: The Tale,Isaac Asimov,4.7,2087.0,39.66,A wonderful saga about mystery,3 hours 15 minutes,Fantasy,2017.0,,,,
Book 350: The Journey,Dan Brown,4.8,3699.0,33.52,A wonderful story about love,19 hours 49 minutes,Adventure,2020.0,,,,
Book 351: The Journey,Malcolm Gladwell,3.9,4514.0,26.97,A wonderful story about courage,8 hours 44 minutes,Mystery,2016.0,3.9,4514.0,26.97,2016.0
Book 352: The Tale,Mark Twain,4.6,2301.0,35.73,A wonderful saga about love,21 hours 11 minutes,Business,2017.0,4.6,2301.0,35.73,2017.0
Book 353: The Mystery,Arthur Conan Doyle,4.3,983.0,12.85,A wonderful saga about mystery,7 hours 6 minutes,Sci-Fi,2023.0,4.3,983.0,12.85,2023.0
Book 354: The Tale,Charles Dickens,3.6,1064.0,25.83,A wonderful story about adventure,15 hours 42 minutes,Biography,2010.0,3.6,1064.0,25.83,2010.0
Book 355: The Journey,Isaac Asimov,4.0,802.0,11.27,A wonderful story about mystery,22 hours 38 minutes,Horror,2015.0,4.0,802.0,11.27,2015.0
Book 356: The Journey,Ernest Hemingway,3.3,3236.0,16.33,A wonderful tale about adventure,13 hours 32 minutes,Thriller,2009.0,3.3,3236.0,16.33,2009.0
Book 357: The Adventure,Mark Twain,3.1,3067.0,36.03,A wonderful story about courage,15 hours 26 minutes,Psychology,2008.0,3.1,3067.0,36.03,2008.0
Book 358: The Tale,Mark Twain,3.2,2787.0,36.62,A wonderful tale about mystery,22 hours 58 minutes,Mystery,2017.0,3.2,2787.0,36.62,2017.0
Book 359: The Tale,Bill Bryson,4.8,4579.0,24.26,A wonderful story about mystery,25 hours 48 minutes,Self-Help,2018.0,,,,
Book 35: The Journey,George R.R. Martin,3.5,143.0,26.29,A wonderful tale about courage,14 hours 31 minutes,Horror,2013.0,3.5,143.0,26.29,2013.0
Book 360: The Adventure,F. Scott Fitzgerald,3.7,3005.0,11.39,A wonderful saga about love,10 hours 17 minutes,Business,2001.0,3.7,3005.0,11.39,2001.0
Book 361: The Journey,Leo Tolstoy,4.4,1191.0,12.22,A wonderful saga about love,15 hours 21 minutes,Self-Help,2012.0,4.4,1191.0,12.22,2012.0
Book 362: The Adventure,Malcolm Gladwell,4.0,1640.0,37.76,A wonderful saga about adventure,12 hours 28 minutes,Self-Help,2003.0,4.0,1640.0,37.76,2003.0
Book 363: The Mystery,Jane Austen,3.3,4945.0,36.97,A wonderful saga about love,7 hours 8 minutes,Sci-Fi,2022.0,,,,
Book 364: The Tale,Michelle Obama,3.5,4180.0,26.9,A wonderful saga about mystery,16 hours 38 minutes,Science,2005.0,3.5,4180.0,26.9,2005.0
Book 365: The Journey,John Grisham,3.9,3298.0,10.98,A wonderful saga about mystery,25 hours 56 minutes,Romance,2001.0,3.9,3298.0,10.98,2001.0
Book 366: The Adventure,Charles Dickens,3.9,4106.0,37.85,A wonderful tale about love,19 hours 19 minutes,Business,2006.0,,,,
Book 367: The Journey,Malcolm Gladwell,4.0,339.0,19.42,A wonderful story about courage,25 hours 35 minutes,Adventure,2008.0,4.0,339.0,19.42,2008.0
Book 368: The Mystery,Agatha Christie,3.3,381.0,38.83,A wonderful story about adventure,13 hours 45 minutes,Biography,2015.0,3.3,381.0,38.83,2015.0
Book 369: The Tale,Isaac Asimov,3.7,328.0,27.6,A wonderful story about mystery,20 hours 40 minutes,Fiction,2020.0,3.7,328.0,27.6,2020.0
Book 36: The Adventure,Yuval Noah Harari,4.6,2935.0,24.81,A wonderful tale about mystery,22 hours 28 minutes,Business,2018.0,4.6,2935.0,24.81,2018.0
Book 370: The Adventure,Ernest Hemingway,3.6,1132.0,32.56,A wonderful saga about mystery,9 hours 12 minutes,Sci-Fi,2003.0,3.6,1132.0,32.56,2003.0
Book 371: The Journey,Margaret Atwood,3.8,2738.0,31.37,A wonderful story about courage,9 hours 39 minutes,Fiction,2014.0,3.8,2738.0,31.37,2014.0
Book 372: The Tale,Charles Dickens,3.7,3890.0,21.94,A wonderful story about love,25 hours 18 minutes,Romance,2023.0,,,,
Book 373: The Tale,Isaac Asimov,4.2,4264.0,12.3,A wonderful saga about mystery,24 hours 22 minutes,Science,2010.0,4.2,4264.0,12.3,2010.0
Book 374: The Journey,J.K. Rowling,4.6,3753.0,14.86,A wonderful story about love,24 hours 8 minutes,Science,2008.0,4.6,3753.0,14.86,2008.0
Book 375: The Tale,Arthur Conan Doyle,4.3,1230.0,17.2,A wonderful saga about mystery,25 hours 41 minutes,Romance,2011.0,4.3,1230.0,17.2,2011.0
Book 376: The Tale,Arthur Conan Doyle,3.1,4976.0,35.03,A wonderful tale about adventure,8 hours 32 minutes,Romance,2011.0,3.1,4976.0,35.03,2011.0
Book 377: The Adventure,James Patterson,3.2,4233.0,21.66,A wonderful story about mystery,20 hours 44 minutes,Business,2017.0,3.2,4233.0,21.66,2017.0
Book 378: The Tale,James Patterson,4.4,1155.0,36.89,A wonderful saga about mystery,23 hours 20 minutes,History,2017.0,4.4,1155.0,36.89,2017.0
Book 379: The Adventure,Mark Twain,3.6,2696.0,19.94,A wonderful story about love,25 hours 7 minutes,Fiction,2008.0,,,,
Book 37: The Journey,John Grisham,4.0,563.0,38.15,A wonderful tale about mystery,8 hours 55 minutes,Fantasy,2011.0,4.0,563.0,38.15,2011.0
Book 380: The Tale,Malcolm Gladwell,4.4,2619.0,32.66,A wonderful story about love,14 hours 35 minutes,Comedy,2011.0,4.4,2619.0,32.66,2011.0
Book 381: The Mystery,F. Scott Fitzgerald,4.3,1341.0,14.19,A wonderful saga about courage,18 hours 37 minutes,Science,2000.0,4.3,1341.0,14.19,2000.0
Book 382: The Mystery,Leo Tolstoy,4.8,3229.0,39.64,A wonderful saga about adventure,21 hours 42 minutes,Romance,2013.0,4.8,3229.0,39.64,2013.0
Book 383: The Adventure,Mark Twain,4.7,2461.0,31.71,A wonderful tale about love,25 hours 26 minutes,Fiction,2003.0,4.7,2461.0,31.71,2003.0
Book 384: The Adventure,George R.R. Martin,3.7,4873.0,25.01,A wonderful tale about mystery,24 hours 47 minutes,Romance,2011.0,3.7,4873.0,25.01,2011.0
Book 385: The Mystery,Margaret Atwood,4.2,2765.0,39.22,A wonderful story about courage,20 hours 18 minutes,Fantasy,2021.0,,,,
Book 386: The Tale,Leo Tolstoy,3.3,4165.0,11.6,A wonderful saga about courage,16 hours 51 minutes,Comedy,2019.0,3.3,4165.0,11.6,2019.0
Book 387: The Adventure,Leo Tolstoy,3.7,4185.0,23.1,A wonderful saga about love,3 hours 33 minutes,Romance,2006.0,,,,
Book 388: The Journey,Jane Austen,4.9,4370.0,35.15,A wonderful story about love,6 hours 1 minutes,History,2018.0,4.9,4370.0,35.15,2018.0
Book 389: The Tale,F. Scott Fitzgerald,4.4,4022.0,20.21,A wonderful story about mystery,15 hours 9 minutes,Biography,2018.0,,,,
Book 38: The Adventure,John Grisham,4.6,2834.0,35.52,A wonderful story about courage,18 hours 37 minutes,Science,2019.0,4.6,2834.0,35.52,2019.0
Book 390: The Tale,Margaret Atwood,3.8,4621.0,33.06,A wonderful tale about love,4 hours 42 minutes,Science,2020.0,3.8,4621.0,33.06,2020.0
Book 391: The Mystery,Michelle Obama,4.2,2465.0,38.64,A wonderful saga about love,4 hours 12 minutes,Science,2020.0,4.2,2465.0,38.64,2020.0
Book 392: The Adventure,Bill Bryson,4.9,3900.0,21.89,A wonderful story about mystery,11 hours 48 minutes,Business,2017.0,4.9,3900.0,21.89,2017.0
Book 393: The Tale,James Patterson,3.6,146.0,33.2,A wonderful saga about adventure,8 hours 18 minutes,Fiction,2005.0,3.6,146.0,33.2,2005.0
Book 394: The Adventure,Jane Austen,3.8,3027.0,10.88,A wonderful saga about courage,24 hours 16 minutes,Comedy,2024.0,3.8,3027.0,10.88,2024.0
Book 395: The Adventure,Bill Bryson,4.6,2723.0,18.19,A wonderful saga about adventure,7 hours 53 minutes,Psychology,2009.0,4.6,2723.0,18.19,2009.0
Book 396: The Adventure,Ernest Hemingway,4.6,907.0,39.77,A wonderful story about love,4 hours 44 minutes,Psychology,2011.0,4.6,907.0,39.77,2011.0
Book 397: The Mystery,Stephen King,4.3,3422.0,24.71,A wonderful saga about mystery,12 hours 13 minutes,Business,2010.0,4.3,3422.0,24.71,2010.0
Book 398: The Adventure,Margaret Atwood,4.7,4791.0,20.66,A wonderful saga about adventure,20 hours 2 minutes,Adventure,2021.0,4.7,4791.0,20.66,2021.0
Book 399: The Mystery,Mark Twain,4.5,2530.0,38.22,A wonderful tale about mystery,14 hours 52 minutes,Fantasy,2016.0,4.5,2530.0,38.22,2016.0
Book 39: The Journey,Dan Brown,4.5,1985.0,24.03,A wonderful tale about adventure,20 hours 22 minutes,Mystery,2008.0,4.5,1985.0,24.03,2008.0
Book 3: The Mystery,Margaret Atwood,4.5,4104.0,22.2,A wonderful tale about adventure,6 hours 55 minutes,Sci-Fi,2007.0,4.5,4104.0,22.2,2007.0
Book 400: The Journey,Jane Austen,4.4,228.0,22.95,A wonderful tale about adventure,17 hours 6 minutes,Mystery,2015.0,4.4,228.0,22.95,2015.0
Book 401: The Tale,Jane Austen,4.1,4899.0,30.38,A wonderful story about love,22 hours 55 minutes,Sci-Fi,2024.0,,,,
Book 402: The Tale,Malcolm Gladwell,4.3,3897.0,29.81,A wonderful tale about mystery,24 hours 47 minutes,Self-Help,2023.0,4.3,3897.0,29.81,2023.0
Book 403: The Journey,Mark Twain,3.8,2185.0,12.56,A wonderful saga about adventure,20 hours 55 minutes,Science,2014.0,,,,
Book 404: The Mystery,Stephen King,3.7,4748.0,28.55,A wonderful saga about love,10 hours 47 minutes,Self-Help,2002.0,3.7,4748.0,28.55,2002.0
Book 405: The Tale,Malcolm Gladwell,3.7,4741.0,33.93,A wonderful tale about adventure,23 hours 35 minutes,Adventure,2012.0,3.7,4741.0,33.93,2012.0
Book 406: The Mystery,Charles Dickens,3.4,1874.0,31.38,A wonderful tale about mystery,15 hours 15 minutes,Self-Help,2019.0,3.4,1874.0,31.38,2019.0
Book 407: The Mystery,James Patterson,3.4,430.0,12.45,A wonderful story about adventure,19 hours 50 minutes,Romance,2009.0,3.4,430.0,12.45,2009.0
Book 408: The Mystery,Margaret Atwood,4.9,4790.0,14.62,A wonderful tale about love,25 hours 18 minutes,Sci-Fi,2014.0,4.9,4790.0,14.62,2014.0
Book 409: The Journey,Dan Brown,4.0,3945.0,31.34,A wonderful story about adventure,25 hours 42 minutes,Adventure,2020.0,4.0,3945.0,31.34,2020.0
Book 40: The Tale,Yuval Noah Harari,3.7,859.0,15.77,A wonderful saga about mystery,14 hours 10 minutes,Fantasy,2021.0,,,,
Book 410: The Journey,F. Scott Fitzgerald,3.5,1406.0,29.01,A wonderful story about courage,4 hours 59 minutes,Biography,2004.0,3.5,1406.0,29.01,2004.0
Book 411: The Mystery,Dan Brown,3.3,4304.0,32.18,A wonderful tale about courage,15 hours 24 minutes,Science,2005.0,3.3,4304.0,32.18,2005.0
Book 412: The Adventure,Charles Dickens,3.2,3124.0,19.49,A wonderful story about courage,16 hours 50 minutes,Romance,2020.0,,,,
Book 413: The Journey,F. Scott Fitzgerald,4.7,1220.0,13.19,A wonderful tale about courage,24 hours 20 minutes,Horror,2010.0,,,,
Book 414: The Adventure,J.K. Rowling,3.2,1994.0,10.15,A wonderful tale about courage,20 hours 3 minutes,Science,2013.0,3.2,1994.0,10.15,2013.0
Book 415: The Adventure,Malcolm Gladwell,4.5,268.0,19.24,A wonderful story about courage,3 hours 47 minutes,Adventure,2020.0,4.5,268.0,19.24,2020.0
Book 416: The Mystery,Ernest Hemingway,4.7,4700.0,20.79,A wonderful saga about mystery,11 hours 12 minutes,Horror,2019.0,4.7,4700.0,20.79,2019.0
Book 417: The Adventure,Malcolm Gladwell,4.8,910.0,18.08,A wonderful story about courage,22 hours 55 minutes,Romance,2018.0,4.8,910.0,18.08,2018.0
Book 418: The Adventure,Agatha Christie,3.1,1572.0,13.97,A wonderful story about adventure,17 hours 53 minutes,Science,2012.0,3.1,1572.0,13.97,2012.0
Book 419: The Adventure,Mark Twain,3.7,165.0,15.61,A wonderful tale about adventure,10 hours 58 minutes,Business,2002.0,,,,
Book 41: The Tale,Arthur Conan Doyle,3.2,4776.0,13.37,A wonderful tale about courage,11 hours 47 minutes,Horror,2012.0,3.2,4776.0,13.37,2012.0
Book 420: The Mystery,Isaac Asimov,4.5,3622.0,23.46,A wonderful tale about love,23 hours 45 minutes,History,2002.0,4.5,3622.0,23.46,2002.0
Book 421: The Mystery,Margaret Atwood,3.3,2579.0,26.63,A wonderful story about adventure,25 hours 41 minutes,Fantasy,2005.0,3.3,2579.0,26.63,2005.0
Book 422: The Journey,John Grisham,3.8,3440.0,22.23,A wonderful tale about mystery,14 hours 48 minutes,Romance,2010.0,3.8,3440.0,22.23,2010.0
Book 423: The Journey,Jane Austen,3.3,1250.0,10.78,A wonderful tale about mystery,21 hours 34 minutes,Psychology,2007.0,3.3,1250.0,10.78,2007.0
Book 424: The Adventure,Agatha Christie,4.7,3392.0,20.61,A wonderful saga about adventure,22 hours 12 minutes,Business,2010.0,,,,
Book 425: The Mystery,Margaret Atwood,4.5,1680.0,12.78,A wonderful saga about adventure,9 hours 18 minutes,Thriller,2010.0,,,,
Book 426: The Mystery,Leo Tolstoy,4.6,3371.0,27.93,A wonderful tale about courage,17 hours 11 minutes,Comedy,2020.0,4.6,3371.0,27.93,2020.0
Book 427: The Adventure,Jane Austen,3.3,4120.0,19.72,A wonderful saga about adventure,24 hours 4 minutes,Self-Help,2009.0,,,,
Book 428: The Journey,Margaret Atwood,3.9,3873.0,21.55,A wonderful tale about mystery,8 hours 11 minutes,Science,2022.0,3.9,3873.0,21.55,2022.0
Book 429: The Mystery,Mark Twain,3.8,520.0,18.75,A wonderful saga about courage,19 hours 7 minutes,Science,2008.0,,,,
Book 42: The Mystery,Dan Brown,4.9,2733.0,14.86,A wonderful tale about adventure,25 hours 5 minutes,Comedy,2024.0,4.9,2733.0,14.86,2024.0
Book 430: The Journey,Leo Tolstoy,4.4,1141.0,21.62,A wonderful story about adventure,15 hours 2 minutes,Mystery,2019.0,,,,
Book 431: The Adventure,Stephen King,3.5,4259.0,12.53,A wonderful story about love,16 hours 17 minutes,Sci-Fi,2020.0,3.5,4259.0,12.53,2020.0
Book 432: The Mystery,John Grisham,3.9,1708.0,37.02,A wonderful story about mystery,20 hours 16 minutes,Biography,2012.0,3.9,1708.0,37.02,2012.0
Book 433: The Adventure,Agatha Christie,3.6,4604.0,37.15,A wonderful tale about love,7 hours 10 minutes,Biography,2008.0,3.6,4604.0,37.15,2008.0
Book 434: The Tale,Bill Bryson,4.5,2672.0,39.34,A wonderful saga about love,21 hours 54 minutes,Romance,2014.0,,,,
Book 435: The Adventure,Arthur Conan Doyle,3.9,3928.0,27.15,A wonderful tale about mystery,11 hours 0 minutes,Mystery,2024.0,,,,
Book 436: The Adventure,Bill Bryson,4.1,4314.0,15.08,A wonderful story about adventure,13 hours 29 minutes,Fiction,2011.0,4.1,4314.0,15.08,2011.0
Book 437: The Adventure,Agatha Christie,3.6,3096.0,21.41,A wonderful tale about courage,25 hours 59 minutes,Sci-Fi,2023.0,3.6,3096.0,21.41,2023.0
Book 438: The Mystery,Ernest Hemingway,4.6,2580.0,14.16,A wonderful story about adventure,7 hours 2 minutes,History,2018.0,4.6,2580.0,14.16,2018.0
Book 439: The Adventure,Dan Brown,3.9,1428.0,19.02,A wonderful tale about adventure,7 hours 59 minutes,Adventure,2016.0,3.9,1428.0,19.02,2016.0
Book 43: The Journey,James Patterson,3.3,1102.0,23.76,A wonderful saga about mystery,12 hours 1 minutes,Self-Help,2006.0,,,,
Book 440: The Adventure,Dan Brown,4.7,3775.0,24.78,A wonderful tale about adventure,13 hours 38 minutes,Comedy,2014.0,4.7,3775.0,24.78,2014.0
Book 441: The Tale,F. Scott Fitzgerald,3.7,4377.0,11.89,A wonderful tale about courage,4 hours 49 minutes,History,2013.0,,,,
Book 442: The Mystery,Yuval Noah Harari,4.9,2814.0,23.03,A wonderful story about adventure,23 hours 39 minutes,Business,2005.0,4.9,2814.0,23.03,2005.0
Book 443: The Tale,Arthur Conan Doyle,5.0,4485.0,22.62,A wonderful story about mystery,24 hours 19 minutes,Biography,2005.0,,,,
Book 444: The Adventure,J.K. Rowling,3.9,2912.0,24.52,A wonderful story about love,18 hours 50 minutes,Adventure,2000.0,3.9,2912.0,24.52,2000.0
Book 445: The Mystery,Stephen King,3.6,2175.0,12.3,A wonderful story about courage,21 hours 35 minutes,Romance,2004.0,,,,
Book 446: The Tale,Margaret Atwood,3.8,3976.0,17.54,A wonderful story about love,14 hours 4 minutes,Science,2023.0,,,,
Book 447: The Adventure,Stephen King,4.1,1585.0,17.39,A wonderful tale about courage,25 hours 20 minutes,Mystery,2007.0,4.1,1585.0,17.39,2007.0
Book 448: The Journey,Arthur Conan Doyle,4.9,2029.0,28.74,A wonderful tale about love,19 hours 14 minutes,Romance,2021.0,,,,
Book 449: The Tale,George R.R. Martin,4.6,2295.0,27.8,A wonderful story about courage,8 hours 33 minutes,Self-Help,2008.0,4.6,2295.0,27.8,2008.0
Book 44: The Journey,J.K. Rowling,4.9,373.0,17.71,A wonderful story about love,15 hours 3 minutes,Biography,2013.0,4.9,373.0,17.71,2013.0
Book 450: The Mystery,George R.R. Martin,4.6,4581.0,15.86,A wonderful story about love,5 hours 50 minutes,Comedy,2023.0,4.6,4581.0,15.86,2023.0
Book 451: The Tale,Ernest Hemingway,3.3,2455.0,13.2,A wonderful tale about love,19 hours 10 minutes,Science,2022.0,3.3,2455.0,13.2,2022.0
Book 452: The Tale,Malcolm Gladwell,3.5,1852.0,19.13,A wonderful story about courage,16 hours 34 minutes,Science,2023.0,3.5,1852.0,19.13,2023.0
Book 453: The Tale,Bill Bryson,4.3,2448.0,38.45,A wonderful story about love,20 hours 25 minutes,Fiction,2002.0,4.3,2448.0,38.45,2002.0
Book 454: The Journey,Charles Dickens,4.7,2377.0,19.96,A wonderful tale about courage,5 hours 22 minutes,Comedy,2006.0,4.7,2377.0,19.96,2006.0
Book 455: The Mystery,Ernest Hemingway,4.1,1708.0,28.6,A wonderful tale about mystery,10 hours 56 minutes,Horror,2005.0,4.1,1708.0,28.6,2005.0
Book 456: The Mystery,James Patterson,3.2,4015.0,34.11,A wonderful tale about adventure,9 hours 42 minutes,History,2012.0,,,,
Book 457: The Mystery,Yuval Noah Harari,4.7,2607.0,19.88,A wonderful story about adventure,13 hours 21 minutes,History,2003.0,,,,
Book 458: The Adventure,Yuval Noah Harari,4.7,3940.0,20.03,A wonderful story about love,14 hours 18 minutes,Horror,2003.0,,,,
Book 459: The Mystery,Yuval Noah Harari,3.6,2867.0,34.45,A wonderful saga about courage,9 hours 48 minutes,Mystery,2002.0,,,,
Book 45: The Mystery,Arthur Conan Doyle,4.7,2896.0,15.58,A wonderful saga about adventure,8 hours 54 minutes,Biography,2017.0,4.7,2896.0,15.58,2017.0
Book 460: The Mystery,Agatha Christie,4.5,4601.0,35.78,A wonderful saga about mystery,22 hours 33 minutes,Mystery,2015.0,4.5,4601.0,35.78,2015.0
Book 461: The Journey,John Grisham,3.5,2250.0,39.22,A wonderful saga about adventure,18 hours 35 minutes,Self-Help,2017.0,3.5,2250.0,39.22,2017.0
Book 462: The Adventure,Jane Austen,4.8,2367.0,14.07,A wonderful tale about courage,23 hours 0 minutes,Business,2001.0,4.8,2367.0,14.07,2001.0
Book 463: The Adventure,John Grisham,3.3,1008.0,19.61,A wonderful saga about courage,6 hours 42 minutes,Romance,2000.0,,,,
Book 464: The Tale,Bill Bryson,3.9,4707.0,38.41,A wonderful saga about mystery,14 hours 28 minutes,Comedy,2024.0,3.9,4707.0,38.41,2024.0
Book 465: The Adventure,Mark Twain,4.9,4459.0,16.02,A wonderful tale about love,10 hours 57 minutes,Science,2012.0,4.9,4459.0,16.02,2012.0
Book 466: The Adventure,James Patterson,3.4,3120.0,19.42,A wonderful story about courage,23 hours 39 minutes,History,2016.0,,,,
Book 467: The Journey,Malcolm Gladwell,3.9,3242.0,38.93,A wonderful saga about adventure,22 hours 15 minutes,Adventure,2024.0,3.9,3242.0,38.93,2024.0
Book 468: The Mystery,Bill Bryson,3.7,2837.0,39.05,A wonderful saga about mystery,4 hours 43 minutes,Fiction,2002.0,,,,
Book 469: The Adventure,F. Scott Fitzgerald,3.1,1209.0,18.73,A wonderful story about courage,13 hours 24 minutes,Comedy,2003.0,3.1,1209.0,18.73,2003.0
Book 46: The Tale,James Patterson,4.4,4482.0,32.09,A wonderful saga about adventure,21 hours 49 minutes,Adventure,2017.0,4.4,4482.0,32.09,2017.0
Book 470: The Adventure,Isaac Asimov,3.1,2389.0,30.84,A wonderful story about mystery,6 hours 24 minutes,Horror,2008.0,3.1,2389.0,30.84,2008.0
Book 471: The Journey,F. Scott Fitzgerald,4.0,354.0,24.72,A wonderful story about mystery,11 hours 34 minutes,Business,2019.0,4.0,354.0,24.72,2019.0
Book 472: The Adventure,Isaac Asimov,3.5,2366.0,27.27,A wonderful story about adventure,12 hours 1 minutes,Business,2004.0,3.5,2366.0,27.27,2004.0
Book 473: The Adventure,J.K. Rowling,5.0,657.0,17.26,A wonderful tale about adventure,19 hours 52 minutes,Biography,2002.0,,,,
Book 474: The Journey,F. Scott Fitzgerald,3.7,2847.0,21.27,A wonderful saga about courage,14 hours 32 minutes,History,2020.0,3.7,2847.0,21.27,2020.0
Book 475: The Tale,Arthur Conan Doyle,3.1,3633.0,34.48,A wonderful story about mystery,19 hours 28 minutes,Biography,2012.0,3.1,3633.0,34.48,2012.0
Book 476: The Tale,Leo Tolstoy,4.9,2110.0,21.78,A wonderful saga about love,18 hours 2 minutes,Thriller,2009.0,,,,
Book 477: The Adventure,Yuval Noah Harari,4.7,3934.0,13.41,A wonderful tale about adventure,12 hours 57 minutes,Adventure,2007.0,4.7,3934.0,13.41,2007.0
Book 478: The Adventure,Agatha Christie,4.3,1762.0,26.91,A wonderful story about courage,23 hours 12 minutes,Fiction,2007.0,4.3,1762.0,26.91,2007.0
Book 479: The Mystery,F. Scott Fitzgerald,4.6,1665.0,27.76,A wonderful saga about courage,13 hours 32 minutes,Psychology,2023.0,4.6,1665.0,27.76,2023.0
Book 47: The Journey,Jane Austen,5.0,2783.0,33.71,A wonderful saga about mystery,9 hours 54 minutes,Business,2015.0,,,,
Book 480: The Adventure,George R.R. Martin,3.3,4422.0,26.36,A wonderful saga about love,5 hours 6 minutes,History,2009.0,,,,
Book 481: The Mystery,James Patterson,3.6,2231.0,30.44,A wonderful tale about courage,8 hours 49 minutes,Biography,2014.0,3.6,2231.0,30.44,2014.0
Book 482: The Tale,Arthur Conan Doyle,4.7,4614.0,26.49,A wonderful story about courage,20 hours 34 minutes,Sci-Fi,2020.0,,,,
Book 483: The Adventure,Ernest Hemingway,4.4,2235.0,38.58,A wonderful story about courage,3 hours 40 minutes,Horror,2004.0,4.4,2235.0,38.58,2004.0
Book 484: The Adventure,Isaac Asimov,3.3,1134.0,23.84,A wonderful story about mystery,5 hours 13 minutes,Self-Help,2004.0,3.3,1134.0,23.84,2004.0
Book 485: The Journey,F. Scott Fitzgerald,4.4,904.0,31.24,A wonderful saga about adventure,24 hours 40 minutes,Horror,2016.0,4.4,904.0,31.24,2016.0
Book 486: The Adventure,Arthur Conan Doyle,3.9,4817.0,23.14,A wonderful story about adventure,9 hours 55 minutes,Horror,2005.0,,,,
Book 487: The Tale,Michelle Obama,3.0,1970.0,18.73,A wonderful tale about love,24 hours 27 minutes,Biography,2000.0,3.0,1970.0,18.73,2000.0
Book 488: The Adventure,Jane Austen,3.2,1996.0,30.78,A wonderful tale about love,6 hours 13 minutes,Thriller,2001.0,,,,
Book 489: The Mystery,Mark Twain,3.5,425.0,34.56,A wonderful tale about courage,20 hours 53 minutes,Science,2021.0,3.5,425.0,34.56,2021.0
Book 48: The Mystery,Jane Austen,4.9,1444.0,27.02,A wonderful tale about love,10 hours 41 minutes,Fiction,2005.0,,,,
Book 490: The Adventure,Dan Brown,4.7,4360.0,33.86,A wonderful saga about courage,25 hours 56 minutes,Horror,2011.0,4.7,4360.0,33.86,2011.0
Book 491: The Mystery,Bill Bryson,4.1,1858.0,22.26,A wonderful story about mystery,16 hours 41 minutes,Psychology,2010.0,4.1,1858.0,22.26,2010.0
Book 492: The Journey,Jane Austen,4.5,1917.0,24.97,A wonderful tale about courage,5 hours 47 minutes,Comedy,2015.0,,,,
Book 493: The Adventure,James Patterson,4.1,440.0,28.99,A wonderful story about courage,24 hours 9 minutes,Horror,2014.0,4.1,440.0,28.99,2014.0
Book 494: The Journey,George R.R. Martin,3.2,830.0,17.25,A wonderful story about courage,3 hours 29 minutes,Adventure,2017.0,3.2,830.0,17.25,2017.0
Book 495: The Journey,James Patterson,3.6,3395.0,29.75,A wonderful tale about mystery,25 hours 21 minutes,Psychology,2008.0,3.6,3395.0,29.75,2008.0
Book 496: The Adventure,Arthur Conan Doyle,3.6,2715.0,31.45,A wonderful story about courage,4 hours 5 minutes,Science,2017.0,,,,
Book 497: The Mystery,Arthur Conan Doyle,3.1,3879.0,33.66,A wonderful tale about love,5 hours 3 minutes,Mystery,2014.0,3.1,3879.0,33.66,2014.0
Book 498: The Adventure,J.K. Rowling,3.8,833.0,12.21,A wonderful story about love,8 hours 50 minutes,Biography,2004.0,3.8,833.0,12.21,2004.0
Book 499: The Mystery,Jane Austen,4.6,1136.0,39.71,A wonderful tale about love,11 hours 35 minutes,Romance,2022.0,,,,
Book 49: The Journey,Michelle Obama,4.6,3816.0,32.71,A wonderful story about courage,10 hours 43 minutes,Self-Help,2011.0,,,,
Book 4: The Mystery,Michelle Obama,3.1,4898.0,38.04,A wonderful story about mystery,10 hours 8 minutes,Comedy,2002.0,,,,
Book 50: The Adventure,Agatha Christie,3.7,3930.0,15.25,A wonderful story about love,9 hours 17 minutes,Romance,2017.0,,,,
Book 51: The Tale,James Patterson,4.6,1503.0,35.67,A wonderful saga about courage,23 hours 26 minutes,History,2017.0,4.6,1503.0,35.67,2017.0
Book 52: The Adventure,Bill Bryson,3.0,1114.0,36.9,A wonderful saga about love,19 hours 1 minutes,Sci-Fi,2015.0,,,,
Book 53: The Tale,Dan Brown,4.1,526.0,34.8,A wonderful saga about courage,24 hours 0 minutes,Romance,2008.0,,,,
Book 54: The Mystery,Arthur Conan Doyle,3.9,3759.0,25.45,A wonderful saga about courage,18 hours 58 minutes,Psychology,2009.0,,,,
Book 55: The Tale,John Grisham,4.3,312.0,12.59,A wonderful saga about adventure,7 hours 41 minutes,Biography,2018.0,4.3,312.0,12.59,2018.0
Book 56: The Tale,Dan Brown,4.3,2413.0,30.07,A wonderful tale about love,8 hours 38 minutes,Horror,2011.0,4.3,2413.0,30.07,2011.0
Book 57: The Mystery,James Patterson,4.2,1661.0,15.53,A wonderful tale about mystery,3 hours 14 minutes,Horror,2024.0,4.2,1661.0,15.53,2024.0
Book 58: The Tale,Stephen King,4.6,368.0,14.21,A wonderful saga about love,11 hours 38 minutes,Adventure,2022.0,,,,
Book 59: The Journey,George R.R. Martin,4.9,1644.0,19.7,A wonderful saga about adventure,12 hours 45 minutes,History,2012.0,4.9,1644.0,19.7,2012.0
Book 5: The Mystery,F. Scott Fitzgerald,4.2,4401.0,36.34,A wonderful saga about love,12 hours 47 minutes,Fantasy,2009.0,4.2,4401.0,36.34,2009.0
Book 60: The Mystery,Leo Tolstoy,3.2,353.0,17.43,A wonderful saga about mystery,25 hours 41 minutes,Fantasy,2023.0,3.2,353.0,17.43,2023.0
Book 61: The Mystery,Ernest Hemingway,3.5,2595.0,17.81,A wonderful tale about adventure,11 hours 27 minutes,Business,2004.0,,,,
Book 62: The Mystery,George R.R. Martin,3.1,2550.0,17.06,A wonderful story about love,15 hours 54 minutes,Romance,2021.0,,,,
Book 63: The Adventure,Agatha Christie,4.8,4232.0,32.6,A wonderful story about mystery,14 hours 29 minutes,Fantasy,2003.0,4.8,4232.0,32.6,2003.0
Book 64: The Adventure,Charles Dickens,4.1,3272.0,38.61,A wonderful tale about mystery,11 hours 13 minutes,Business,2023.0,,,,
Book 65: The Tale,Margaret Atwood,4.8,4458.0,19.05,A wonderful saga about courage,17 hours 19 minutes,Comedy,2007.0,4.8,4458.0,19.05,2007.0
Book 66: The Mystery,J.K. Rowling,3.4,3888.0,31.68,A wonderful tale about mystery,24 hours 33 minutes,Comedy,2014.0,3.4,3888.0,31.68,2014.0
Book 67: The Tale,Ernest Hemingway,3.1,2085.0,10.33,A wonderful saga about courage,22 hours 25 minutes,Horror,2022.0,3.1,2085.0,10.33,2022.0
Book 68: The Journey,Mark Twain,4.6,309.0,29.6,A wonderful tale about mystery,21 hours 6 minutes,Adventure,2005.0,4.6,309.0,29.6,2005.0
Book 69: The Mystery,Dan Brown,4.8,1575.0,30.77,A wonderful tale about mystery,3 hours 32 minutes,Psychology,2003.0,4.8,1575.0,30.77,2003.0
Book 6: The Journey,Margaret Atwood,4.0,144.0,24.31,A wonderful story about adventure,17 hours 49 minutes,Biography,2019.0,4.0,144.0,24.31,2019.0
Book 70: The Journey,Ernest Hemingway,3.6,2353.0,11.85,A wonderful saga about mystery,24 hours 53 minutes,Business,2006.0,3.6,2353.0,11.85,2006.0
Book 71: The Tale,George R.R. Martin,3.8,2934.0,13.54,A wonderful tale about love,14 hours 35 minutes,Thriller,2016.0,,,,
Book 72: The Adventure,F. Scott Fitzgerald,3.3,401.0,19.19,A wonderful story about mystery,23 hours 38 minutes,Fiction,2012.0,3.3,401.0,19.19,2012.0
Book 73: The Tale,Malcolm Gladwell,4.9,2729.0,22.15,A wonderful tale about courage,22 hours 18 minutes,History,2010.0,4.9,2729.0,22.15,2010.0
Book 74: The Journey,Ernest Hemingway,3.6,2248.0,25.07,A wonderful saga about adventure,12 hours 43 minutes,Adventure,2017.0,3.6,2248.0,25.07,2017.0
Book 75: The Mystery,Yuval Noah Harari,4.0,1029.0,36.84,A wonderful tale about adventure,6 hours 30 minutes,History,2019.0,4.0,1029.0,36.84,2019.0
Book 76: The Tale,Charles Dickens,3.2,3024.0,31.1,A wonderful tale about mystery,5 hours 21 minutes,Romance,2022.0,3.2,3024.0,31.1,2022.0
Book 77: The Mystery,Isaac Asimov,4.8,3589.0,19.32,A wonderful story about courage,11 hours 40 minutes,Mystery,2021.0,4.8,3589.0,19.32,2021.0
Book 78: The Adventure,John Grisham,3.3,3286.0,13.51,A wonderful saga about courage,13 hours 55 minutes,Fiction,2022.0,3.3,3286.0,13.51,2022.0
Book 79: The Adventure,Leo Tolstoy,3.9,3612.0,37.47,A wonderful tale about courage,11 hours 16 minutes,Fiction,2001.0,3.9,3612.0,37.47,2001.0
Book 7: The Journey,Margaret Atwood,4.8,4231.0,15.97,A wonderful saga about courage,13 hours 17 minutes,Biography,2017.0,4.8,4231.0,15.97,2017.0
Book 80: The Adventure,Mark Twain,4.3,3177.0,18.84,A wonderful tale about courage,23 hours 45 minutes,Science,2005.0,,,,
Book 81: The Mystery,F. Scott Fitzgerald,4.5,2787.0,28.43,A wonderful tale about mystery,23 hours 19 minutes,Science,2012.0,4.5,2787.0,28.43,2012.0
Book 82: The Tale,Ernest Hemingway,4.9,1540.0,16.56,A wonderful story about adventure,9 hours 9 minutes,Biography,2020.0,4.9,1540.0,16.56,2020.0
Book 83: The Mystery,James Patterson,3.8,4074.0,14.0,A wonderful story about love,19 hours 48 minutes,History,2000.0,3.8,4074.0,14.0,2000.0
Book 84: The Mystery,Isaac Asimov,4.5,4085.0,14.59,A wonderful story about love,10 hours 57 minutes,History,2002.0,4.5,4085.0,14.59,2002.0
Book 85: The Tale,Margaret Atwood,3.3,3019.0,32.42,A wonderful story about love,4 hours 51 minutes,Mystery,2004.0,3.3,3019.0,32.42,2004.0
Book 86: The Adventure,Bill Bryson,3.8,4263.0,28.16,A wonderful story about courage,22 hours 25 minutes,Fantasy,2015.0,3.8,4263.0,28.16,2015.0
Book 87: The Adventure,Agatha Christie,3.2,2194.0,22.47,A wonderful saga about courage,24 hours 20 minutes,Sci-Fi,2019.0,,,,
Book 88: The Tale,Isaac Asimov,4.0,686.0,26.47,A wonderful saga about adventure,24 hours 8 minutes,Psychology,2013.0,,,,
Book 89: The Mystery,F. Scott Fitzgerald,3.8,3487.0,24.11,A wonderful saga about adventure,3 hours 41 minutes,Psychology,2002.0,3.8,3487.0,24.11,2002.0
Book 8: The Adventure,Jane Austen,3.6,4720.0,38.91,A wonderful tale about courage,16 hours 38 minutes,Self-Help,2013.0,,,,
Book 90: The Mystery,Bill Bryson,4.9,656.0,26.12,A wonderful tale about love,18 hours 18 minutes,Comedy,2002.0,4.9,656.0,26.12,2002.0
Book 91: The Adventure,F. Scott Fitzgerald,3.1,3537.0,29.91,A wonderful saga about adventure,11 hours 58 minutes,Psychology,2008.0,,,,
Book 92: The Journey,James Patterson,3.7,4945.0,16.54,A wonderful saga about courage,16 hours 25 minutes,Thriller,2007.0,3.7,4945.0,16.54,2007.0
Book 93: The Journey,John Grisham,3.9,1488.0,17.41,A wonderful saga about mystery,15 hours 47 minutes,Sci-Fi,2011.0,3.9,1488.0,17.41,2011.0
Book 94: The Journey,Jane Austen,4.9,4478.0,32.63,A wonderful tale about adventure,4 hours 37 minutes,Biography,2002.0,4.9,4478.0,32.63,2002.0
Book 95: The Mystery,Margaret Atwood,4.7,2416.0,36.18,A wonderful saga about mystery,25 hours 36 minutes,Comedy,2019.0,4.7,2416.0,36.18,2019.0
Book 96: The Mystery,J.K. Rowling,3.2,2641.0,12.45,A wonderful tale about adventure,9 hours 21 minutes,Business,2001.0,3.2,2641.0,12.45,2001.0
Book 97: The Adventure,Mark Twain,4.4,850.0,23.39,A wonderful tale about love,25 hours 14 minutes,Adventure,2023.0,4.4,850.0,23.39,2023.0
Book 98: The Journey,Margaret Atwood,4.1,665.0,31.1,A wonderful tale about adventure,24 hours 34 minutes,History,2012.0,,,,
Book 99: The Adventure,Yuval Noah Harari,5.0,2696.0,12.33,A wonderful tale about adventure,23 hours 50 minutes,Romance,2012.0,,,,
Book 9: The Journey,Isaac Asimov,4.6,1991.0,19.63,A wonderful story about adventure,23 hours 5 minutes,Business,2008.0,4.6,1991.0,19.63,2008.0
New Book 0: Chronicles,Mark Twain,,,,,,,,3.1,3072.0,14.01,2002.0
New Book 100: A Legend,Michelle Obama,,,,,,,,4.1,4969.0,18.65,2004.0
New Book 101: A Legend,Charles Dickens,,,,,,,,3.3,2707.0,15.41,2015.0
New Book 102: The Story,Mark Twain,,,,,,,,4.0,3689.0,36.95,2004.0
New Book 103: Chronicles,Leo Tolstoy,,,,,,,,3.4,4451.0,38.8,2020.0
New Book 104: A Legend,Malcolm Gladwell,,,,,,,,3.1,1089.0,10.1,2014.0
New Book 105: Chronicles,John Grisham,,,,,,,,4.5,1703.0,32.95,2017.0
New Book 106: The Story,Arthur Conan Doyle,,,,,,,,3.8,1145.0,10.36,2010.0
New Book 107: The Story,Margaret Atwood,,,,,,,,3.9,4769.0,24.92,2014.0
New Book 108: The Story,Ernest Hemingway,,,,,,,,4.2,4444.0,24.95,2013.0
New Book 109: The Story,Margaret Atwood,,,,,,,,4.0,1667.0,34.21,2023.0
New Book 10: Chronicles,Mark Twain,,,,,,,,3.5,921.0,39.05,2016.0
New Book 110: The Story,Dan Brown,,,,,,,,3.4,1141.0,28.23,2001.0
New Book 111: A Legend,Dan Brown,,,,,,,,3.6,2541.0,24.79,2016.0
New Book 112: The Story,Charles Dickens,,,,,,,,3.8,4301.0,16.5,2009.0
New Book 113: A Legend,Agatha Christie,,,,,,,,3.3,1117.0,29.77,2018.0
New Book 114: A Legend,Stephen King,,,,,,,,3.2,3533.0,23.6,2023.0
New Book 115: A Legend,Malcolm Gladwell,,,,,,,,4.1,1199.0,23.25,2021.0
New Book 116: A Legend,Yuval Noah Harari,,,,,,,,3.1,4637.0,28.03,2010.0
New Book 117: A Legend,Stephen King,,,,,,,,3.8,1304.0,10.19,2017.0
New Book 118: A Legend,Michelle Obama,,,,,,,,3.2,2610.0,36.46,2017.0
New Book 119: Chronicles,Dan Brown,,,,,,,,4.0,565.0,18.33,2000.0
New Book 11: Chronicles,Arthur Conan Doyle,,,,,,,,4.3,2509.0,37.75,2006.0
New Book 120: The Story,Mark Twain,,,,,,,,4.5,4575.0,28.85,2006.0
New Book 121: A Legend,Michelle Obama,,,,,,,,3.3,4376.0,34.59,2018.0
New Book 122: The Story,Dan Brown,,,,,,,,3.3,979.0,16.22,2021.0
New Book 123: The Story,Stephen King,,,,,,,,4.1,1518.0,15.54,2010.0
New Book 124: The Story,James Patterson,,,,,,,,4.0,2611.0,11.64,2011.0
New Book 125: A Legend,Jane Austen,,,,,,,,4.3,1202.0,20.46,2002.0
New Book 126: A Legend,Mark Twain,,,,,,,,3.4,251.0,14.35,2004.0
New Book 127: The Story,Charles Dickens,,,,,,,,4.2,2620.0,10.96,2008.0
New Book 128: Chronicles,John Grisham,,,,,,,,4.5,3401.0,27.33,2000.0
New Book 129: A Legend,James Patterson,,,,,,,,3.5,3378.0,28.09,2010.0
New Book 12: Chronicles,Michelle Obama,,,,,,,,3.4,3696.0,38.5,2022.0
New Book 130: The Story,Isaac Asimov,,,,,,,,3.1,2495.0,19.92,2012.0
New Book 131: The Story,Stephen King,,,,,,,,4.6,3639.0,12.62,2020.0
New Book 132: A Legend,George R.R. Martin,,,,,,,,3.6,2252.0,13.26,2017.0
New Book 133: A Legend,Bill Bryson,,,,,,,,4.8,1254.0,39.8,2005.0
New Book 134: The Story,John Grisham,,,,,,,,3.2,1549.0,14.83,2018.0
New Book 135: The Story,Agatha Christie,,,,,,,,4.3,884.0,18.52,2019.0
New Book 136: Chronicles,J.K. Rowling,,,,,,,,3.8,1087.0,29.82,2012.0
New Book 137: The Story,Michelle Obama,,,,,,,,3.7,1523.0,30.99,2005.0
New Book 138: A Legend,Mark Twain,,,,,,,,3.6,224.0,27.16,2019.0
New Book 139: A Legend,Agatha Christie,,,,,,,,4.2,2196.0,26.86,2003.0
New Book 13: Chronicles,George R.R. Martin,,,,,,,,4.5,3869.0,16.67,2006.0
New Book 140: The Story,F. Scott Fitzgerald,,,,,,,,3.0,4971.0,38.98,2024.0
New Book 141: Chronicles,Stephen King,,,,,,,,3.6,4655.0,32.47,2009.0
New Book 142: The Story,George R.R. Martin,,,,,,,,5.0,1901.0,20.8,2022.0
New Book 143: The Story,Leo Tolstoy,,,,,,,,4.2,4895.0,11.07,2010.0
New Book 144: A Legend,Ernest Hemingway,,,,,,,,5.0,1912.0,33.05,2022.0
New Book 145: Chronicles,George R.R. Martin,,,,,,,,3.9,1901.0,19.67,2001.0
New Book 146: The Story,Stephen King,,,,,,,,3.3,223.0,36.92,2008.0
New Book 147: Chronicles,John Grisham,,,,,,,,3.1,2953.0,34.6,2013.0
New Book 148: Chronicles,Isaac Asimov,,,,,,,,4.6,661.0,32.74,2002.0
New Book 149: The Story,Charles Dickens,,,,,,,,3.4,3914.0,35.29,2015.0
New Book 14: A Legend,Stephen King,,,,,,,,3.8,196.0,30.13,2019.0
New Book 15: A Legend,Michelle Obama,,,,,,,,3.2,2728.0,16.08,2001.0
New Book 16: A Legend,Dan Brown,,,,,,,,4.3,1722.0,16.13,2003.0
New Book 17: Chronicles,Bill Bryson,,,,,,,,3.7,4417.0,15.3,2018.0
New Book 18: The Story,Ernest Hemingway,,,,,,,,3.9,1745.0,38.63,2023.0
New Book 19: The Story,Margaret Atwood,,,,,,,,4.3,1679.0,23.17,2020.0
New Book 1: The Story,Jane Austen,,,,,,,,3.1,1287.0,35.37,2009.0
New Book 20: A Legend,J.K. Rowling,,,,,,,,4.8,4486.0,28.5,2016.0
New Book 21: A Legend,Yuval Noah Harari,,,,,,,,3.3,4296.0,30.63,2002.0
New Book 22: A Legend,Isaac Asimov,,,,,,,,3.4,2128.0,35.99,2015.0
New Book 23: A Legend,James Patterson,,,,,,,,3.8,4505.0,36.62,2023.0
New Book 24: A Legend,Dan Brown,,,,,,,,3.7,3966.0,22.82,2022.0
New Book 25: The Story,Jane Austen,,,,,,,,3.3,1167.0,33.28,2019.0
New Book 26: A Legend,Bill Bryson,,,,,,,,5.0,160.0,28.23,2022.0
New Book 27: The Story,J.K. Rowling,,,,,,,,3.9,3095.0,34.72,2009.0
New Book 28: The Story,Stephen King,,,,,,,,3.7,4785.0,31.6,2013.0
New Book 29: Chronicles,James Patterson,,,,,,,,3.6,4325.0,21.81,2019.0
New Book 2: Chronicles,Arthur Conan Doyle,,,,,,,,3.6,712.0,24.05,2015.0
New Book 30: The Story,Mark Twain,,,,,,,,5.0,366.0,38.16,2010.0
New Book 31: A Legend,John Grisham,,,,,,,,3.6,2102.0,27.15,2008.0
New Book 32: A Legend,Malcolm Gladwell,,,,,,,,3.7,1405.0,26.07,2016.0
New Book 33: A Legend,George R.R. Martin,,,,,,,,4.5,502.0,29.23,2018.0
New Book 34: Chronicles,Agatha Christie,,,,,,,,3.9,2336.0,31.11,2019.0
New Book 35: The Story,Bill Bryson,,,,,,,,4.5,1654.0,11.15,2011.0
New Book 36: Chronicles,Yuval Noah Harari,,,,,,,,4.2,2232.0,13.27,2004.0
New Book 37: A Legend,Mark Twain,,,,,,,,4.1,444.0,23.7,2019.0
New Book 38: A Legend,Agatha Christie,,,,,,,,3.4,3818.0,36.32,2018.0
New Book 39: A Legend,John Grisham,,,,,,,,4.5,78.0,36.32,2015.0
New Book 3: Chronicles,Margaret Atwood,,,,,,,,4.9,930.0,29.48,2004.0
New Book 40: The Story,Margaret Atwood,,,,,,,,4.9,555.0,17.36,2016.0
New Book 41: A Legend,Stephen King,,,,,,,,3.5,3193.0,26.13,2023.0
New Book 42: A Legend,Stephen King,,,,,,,,4.9,2232.0,39.5,2020.0
New Book 43: Chronicles,George R.R. Martin,,,,,,,,3.9,2960.0,11.17,2015.0
New Book 44: The Story,Malcolm Gladwell,,,,,,,,3.8,893.0,21.61,2015.0
New Book 45: The Story,Leo Tolstoy,,,,,,,,4.5,166.0,32.94,2005.0
New Book 46: Chronicles,Dan Brown,,,,,,,,5.0,2406.0,38.87,2019.0
New Book 47: A Legend,Malcolm Gladwell,,,,,,,,4.2,3176.0,15.69,2007.0
New Book 48: The Story,Mark Twain,,,,,,,,4.0,1903.0,23.18,2022.0
New Book 49: A Legend,Bill Bryson,,,,,,,,5.0,3128.0,36.52,2009.0
New Book 4: A Legend,Yuval Noah Harari,,,,,,,,4.9,456.0,15.51,2003.0
New Book 50: Chronicles,Margaret Atwood,,,,,,,,3.6,4175.0,33.2,2006.0
New Book 51: A Legend,Leo Tolstoy,,,,,,,,3.6,825.0,18.57,2000.0
New Book 52: A Legend,George R.R. Martin,,,,,,,,3.4,2594.0,14.98,2003.0
New Book 53: The Story,F. Scott Fitzgerald,,,,,,,,4.7,3980.0,18.82,2000.0
New Book 54: The Story,Michelle Obama,,,,,,,,3.0,4901.0,37.56,2014.0
New Book 55: Chronicles,J.K. Rowling,,,,,,,,4.6,4364.0,30.69,2020.0
New Book 56: Chronicles,Jane Austen,,,,,,,,4.4,731.0,37.1,2003.0
New Book 57: Chronicles,George R.R. Martin,,,,,,,,3.6,1537.0,23.9,2023.0
New Book 58: A Legend,Malcolm Gladwell,,,,,,,,4.1,1639.0,29.37,2006.0
New Book 59: A Legend,Isaac Asimov,,,,,,,,4.1,4111.0,12.7,2019.0
New Book 5: Chronicles,Stephen King,,,,,,,,3.2,2001.0,21.61,2022.0
New Book 60: The Story,Stephen King,,,,,,,,4.9,3761.0,25.01,2013.0
New Book 61: A Legend,Mark Twain,,,,,,,,3.3,4603.0,15.38,2013.0
New Book 62: The Story,F. Scott Fitzgerald,,,,,,,,3.1,186.0,27.55,2001.0
New Book 63: A Legend,Leo Tolstoy,,,,,,,,3.7,335.0,36.82,2010.0
New Book 64: Chronicles,Arthur Conan Doyle,,,,,,,,3.3,2036.0,26.38,2011.0
New Book 65: The Story,Leo Tolstoy,,,,,,,,3.7,4346.0,21.78,2017.0
New Book 66: Chronicles,Mark Twain,,,,,,,,4.2,2507.0,19.69,2020.0
New Book 67: Chronicles,Michelle Obama,,,,,,,,3.5,2742.0,10.74,2006.0
New Book 68: Chronicles,James Patterson,,,,,,,,4.6,4023.0,23.6,2000.0
New Book 69: Chronicles,Yuval Noah Harari,,,,,,,,3.2,3232.0,36.89,2020.0
New Book 6: Chronicles,Leo Tolstoy,,,,,,,,4.5,1219.0,24.21,2008.0
New Book 70: A Legend,Leo Tolstoy,,,,,,,,3.8,1296.0,36.86,2006.0
New Book 71: A Legend,George R.R. Martin,,,,,,,,4.8,160.0,36.47,2022.0
New Book 72: Chronicles,Margaret Atwood,,,,,,,,4.5,2850.0,12.7,2009.0
New Book 73: Chronicles,F. Scott Fitzgerald,,,,,,,,4.4,2892.0,19.71,2008.0
New Book 74: Chronicles,Isaac Asimov,,,,,,,,4.6,2921.0,29.45,2002.0
New Book 75: A Legend,John Grisham,,,,,,,,3.3,2486.0,31.33,2009.0
New Book 76: A Legend,Leo Tolstoy,,,,,,,,4.7,1944.0,14.91,2009.0
New Book 77: The Story,Yuval Noah Harari,,,,,,,,4.4,4116.0,31.99,2016.0
New Book 78: The Story,Agatha Christie,,,,,,,,4.2,2269.0,12.73,2017.0
New Book 79: The Story,Charles Dickens,,,,,,,,4.8,517.0,31.18,2010.0
New Book 7: Chronicles,Charles Dickens,,,,,,,,4.1,2366.0,14.9,2010.0
New Book 80: The Story,Malcolm Gladwell,,,,,,,,4.2,2120.0,29.01,2024.0
New Book 81: A Legend,F. Scott Fitzgerald,,,,,,,,3.6,3181.0,12.55,2000.0
New Book 82: The Story,Arthur Conan Doyle,,,,,,,,4.5,251.0,31.21,2003.0
New Book 83: Chronicles,Isaac Asimov,,,,,,,,4.2,4556.0,31.8,2021.0
New Book 84: A Legend,Leo Tolstoy,,,,,,,,3.2,2305.0,39.25,2010.0
New Book 85: Chronicles,George R.R. Martin,,,,,,,,3.1,1857.0,28.35,2010.0
New Book 86: A Legend,F. Scott Fitzgerald,,,,,,,,4.5,1252.0,14.79,2012.0
New Book 87: A Legend,J.K. Rowling,,,,,,,,3.7,2809.0,26.5,2023.0
New Book 88: Chronicles,Charles Dickens,,,,,,,,4.6,3228.0,11.31,2018.0
New Book 89: Chronicles,Jane Austen,,,,,,,,3.8,1134.0,15.12,2019.0
New Book 8: Chronicles,Dan Brown,,,,,,,,3.4,122.0,16.78,2016.0
New Book 90: A Legend,Yuval Noah Harari,,,,,,,,4.7,729.0,20.05,2000.0
New Book 91: The Story,J.K. Rowling,,,,,,,,4.7,3141.0,36.13,2005.0
New Book 92: A Legend,John Grisham,,,,,,,,3.5,4275.0,35.87,2006.0
New Book 93: The Story,George R.R. Martin,,,,,,,,4.3,1873.0,14.85,2010.0
New Book 94: The Story,John Grisham,,,,,,,,4.2,3428.0,14.33,2010.0
New Book 95: The Story,Bill Bryson,,,,,,,,3.0,1979.0,33.06,2021.0
New Book 96: Chronicles,Margaret Atwood,,,,,,,,4.6,4703.0,11.53,2015.0
New Book 97: The Story,Agatha Christie,,,,,,,,3.8,1261.0,19.23,2015.0
New Book 98: The Story,Leo Tolstoy,,,,,,,,3.6,3503.0,31.89,2001.0
New Book 99: The Story,Jane Austen,,,,,,,,3.1,2569.0,38.82,2020.0
New Book 9: A Legend,Isaac Asimov,,,,,,,,4.1,2822.0,22.25,2013.0
